speaker_id,language,gender,country,mother_tongue,dialect,os,device,n_words,age_band,native_speaker,proficiency,id,corpus_index,reference,prediction,WER,WER_sub,WER_del,WER_ins,WER_hits,CER,CER_sub,CER_del,CER_ins,CER_hits
CEB_008,Cebuano,male,Philippines,Tagalog / Filipino,Philippines - Manila (Tagalog),Linux,Mobile,219,45-59,False,fluent,000_001,0,"Niadto ako og picnic niadto miaging bulan sa usa ka matahom nga Sabado sa buntag. Gikauban ko sa akong pamilya ang pag-adto sa sapa sa among bukid. Sa kadapit nga dagan og kahoy ug bugnaw ang hangin. Gisugdan namo ang among adlaw sa sayong pagpamahaw. Si mama nag-andam og adobo ug sina ngag, nga among gidala sa mga plastic nga sudlanan. Ako ug ang akong manghud nag-amping sa paghakot sa banig, unlan ug usa ka basket nga puno og prutas. Dili mi kalimot sa termos nga puno og init nga tsokolate. Pag-abot namo sa sapa, nasurpresa mi sa katingalahang tan-awon. Ang tubig sa sapa hayag og limpyo ug ang mga langgam nagkanta sa mga sanga sa kahoy. Gipahiluna namo ang among banig sa ubos sa dako nga acacia tree diin adunay maanindot nga landong. Ang among adlaw napuno og kalipay. Naglupad-lupad mi og agipo, nagsakay sa balsa nga hinimo sa kawayan ug naligo sa bugnaw nga tubig sa sapa. Si papa nag-istorya bahin sa iyang kabataan sa samang dapit ug miuli kami nga adunay bag-ong pahinumdum nga among bantayan sa matag usa. Niadtong hapon, nilakaw mi nga lipay ug gipuno sa maanindot nga mga huna-huna. Kanus-a man ka niadto og picnic? Tinuod gyud nga ang pinakamaayong mga panahon mao katong atong gipuy.an kauban ang mga higugma nato sa kasing-kasing.","Niadto ako og picnic niadto miaging bulan sa usa ka matahom nga Sabado sa buntag. Gikauban ko sa akong pamilya ang pag-adto sa sapa sa among bukid. Sa sakadapit nga dagan og kahoy ug bugnaw ang hangin. Gisugdan namo ang among adlaw sa sayong pagpamahaw. Si mama nag-andam og adobo ug sinangag nga among gidala sa mga plastik nga sudlanan. Ako ug ang akong manghud nag-amping sa paghakot sa banig unlan ug usa ka basket nga puno og prutas. Dili mi kalimot sa termos nga puno og init nga tsokolate. Pag-abot namo sa sapa, nasurpresa mi sa katingalahang tan-awon. Ang tubig sa sapa hayag ug limpyo ug ang mga langgam nagkanta sa mga sanga sa kahoy. Gipahiluna namo ang among banig sa ubos sa dako nga acacia tree diin adunay maanindot nga landong. Ang among adlaw napuno og kalipay. Naglupad-lupad mi og agipo, nagsakay sa balsa nga hinimo sa kawayan ug naligo sa bugnaw nga tubig sa sapa. Si papa nag-istorya bahin sa iyang kabataan sa samang dapit ug miuli kami nga adunay bag-ong pahinumdum nga among bantayan sa matag usa. Niadtong hapon, nilakaw mi nga lapay ug gipuno sa maanindot nga mga huna-huna. Kanus-a man ka niadto og picnic? Tinuod gyud nga ang pinakamaayong mga panahon mao katong atong nipuy-an kauban ang mga hinigugma nato sa kasing-kasing.",0.0410958904109589,8,1,0,210,0.009569377990430622,5,3,4,1246
CEB_008,Cebuano,male,Philippines,Tagalog / Filipino,Philippines - Manila (Tagalog),Linux,Mobile,138,45-59,False,fluent,000_002,1,"Ang pulong dululanan kasagarang gigamit sa Pilipinas aron tumong sa mga mall o shopping center. Bisan pa sa pag-uswag sa online shopping, daghan gihapon ang nag-adto sa dululanan, not lang aron mamalit, apan aron makasinati og lain-laing mga kalihokan ug pakig-uban sa uban. Sa kini nga essay, akong i-bahin-bahin ang akong kasinatian ug observasyon bahin sa pag-adto sa dululanan kauban ang mga bentaha o mga hagit nga kauban niini. Pag-usab sa katuyoan sa sinugdanan, ang dululanan gitawag nga one-stop shop para sa panggasto, daghan nga department store, supermarket ug sinehan. Sa paglabay sa panahon, nahimong lungag sa kalingawan, kultura ug teknolohiya kini. Sa akong pagbisita, nakita nako ang mga pop-up at exhibit, mga workshop sa paghimo og crafts ug mga live performance sa lokal nga banda. Ang dulu-ulanan karon usa na ka entablado alang sa mga kre-itibong ekspresyon.","Ang pulong dululanan kasagarang gigamit sa Pilipinas aron tumong sa mga mall o shopping center. Bisan pa sa pag-uswag sa online shopping, daghan gihapon ang nag-adto sa dululanan, not lang aron mambalit, apan aron makasinati og lain-laing mga kalihokan ug makig-uban sa uban. Sa kini nga ese, akong i-bahin-bahin ang akong kasinatian ug observasyon bahin sa pag-adto sa dululanan kauban ang mga bentaha o mga hagit nga kauban niini. Pag-usab sa katuyoan sa sinugdanan, ang dululanan gitawag nga one-stop shop para sa panggasto, daghan nga department store, supermarket ug sinehan. Sa paglabay sa panahon, nahimong lungag sa kalingawan, kultura ug teknolohiya kini. Sa akong pagbisita, nakita nako ang mga pop-up at exhibit, mga workshop sa paghimo og crafts ug mga live performance sa lokal nga banda. Ang dululanan karon usa naka-entablado alang sa mga kreatibong ekspresyon.",0.057971014492753624,6,2,0,130,0.012485811577752554,4,6,1,871
CEB_008,Cebuano,male,Philippines,Tagalog / Filipino,Philippines - Manila (Tagalog),Linux,Mobile,260,45-59,False,fluent,000_003,2,"Kanus-a ang imong adlaw natawhan? Usa kini sa pinakasayon nga pangutana nga mahatagan nato og tubag. Apan luyo niini, nagdala kini og lawm nga kahulugan sa matag usa kanato. Alang sa uban, kini usa lamang ka numero sa kalendaryo. Apan alang sa kadaghanan, kini usa ka espesyal nga higayon sa pagsaulog sa kinabuhi. Sa matag higayon nga moabot ang petsa sa atong pagkahatungod dinhi sa kalibutan, dili malikayan nga kita mangamalandung. Kanus-a man kini? Sa ting-init ba diin ang adlaw naglagiting o sa ting-ulan ba diin palibot mabugnaw? Bisan unsa pa ang panahon, ang matag adlawng natawhan nagpahinumdom kanato nga kita gihatagan og talagsaong kahigayonan nga makasinati sa kanindot sa kalibutan. Sa atong pagtubo, ang paagi sa pagsaulog mousab. Sa kagamay pa nato, excited kita sa mga balloon, cake ug mga dula. Samtang nagkadako, tingali mas gusto na nato ang yano nga panagpundok uban sa pamilya o usood nga mga higala. Apan bisan pa man sa kausaban sa selebrasyon, ang pangutana nga kanus-a imong adlaw natawhan magpabilin nga usa ka imbitasyon og pagpasalamat. Pinaagi niining petsaha, atong mahinumduman ang sakripisyo sa atong mga ginikanan ug ang grasya sa labawng makagahum. Kini usa ka tinuig nga pahinumdom nga bisan unsa pakadaghan ang pagsulay, kita aniapa nagpadayon, nagkat-on ug naglaum. Busa kon mangutana ang usa ka higala, ""Kanus-a imong adlaw natawhan?"" tubaga kini uban ang pahiyom. Dili lang tungod sa handurawan sa kalingawan, kondili tungod kay ang maong petsa mao ang opisyal nga marka sa imong panaw dinhi sa kalibutan. Adlaw kini sa imong pagka-ikaw ug angay kana nga saulogon matag tuig.","Kanus-a ang imong adlaw ng natawhan? Usa kini sa pinakasayon nga pangutana nga mahatagan nato og tubag. Apan layon niini, nagdala kini og lawom nga kahulugan sa matag usa kanato. Alang sa uban, kini usa lamang ka numero sa kalendaryo. Apan alang sa kadaghanan, kini usa ka espesyal nga higayon sa pagsaulog sa kinabuhi. Sa matag higayon nga moabot ang petsa sa atong pagkahatungod dinhi sa kalibutan, dili malikayan nga kita mangamalandung. Kanus-a man kini? Sa ting-init ba diin ang adlaw naglagiting o sa ting-ulan ba diin palibot mabugnaw? Bisan unsa pa ang panahon, ang matag adlawng natawhan nagpahinumdom kanato nga kita gihatagan og talagsaong kahigayonan nga makasinati sa kanindot sa kalibutan. Sa atong pagtubo, ang paagi sa pagsaulog mousab. Sa kagamay pa nato, excited kita sa mga balloon, cake ug mga dula. Samtang nagkadako, tingali mas gusto na nato ang yano nga panagpundok uban sa pamilya o usood nga mga higala. Apan bisan pa man sa kausaban sa selebrasyon, ang pangutana nga kanus-a imong adlawng natawhan magpabiling usa ka imbitasyon og pagpasalamat. Pinaagi niining petsa ha, atong mahinumduman ang sakripisyo sa atong mga ginikanan ug ang grasya sa labawng makagahum. Kini usa ka tinuig nga pahinumdom nga bisan unsa pakadaghan ang pagsulay, kita aniapa nagpadayon, nagkat-on ug naglaum. Busa kon mangutana ang usa ka higala, ""Kanus-a imong adlawng natawhan?"" tubaga kini uban ang pahiyum. Dili lang tungod sa handurawan sa kalingawan, kondili tungod kay ang maong petsa mao ang opisyal nga marka sa imong panaw dinhi sa kalibutan. Adlaw kini sa imong pagka-ikaw ug angay kana nga saulogon matag tuig.",0.038461538461538464,7,1,2,252,0.00927643784786642,2,3,10,1612
CEB_008,Cebuano,male,Philippines,Tagalog / Filipino,Philippines - Manila (Tagalog),Linux,Mobile,475,45-59,False,fluent,000_004,3,"Sa modernong panahon, halos tanan nato napugos na nga magamit og mga screen. Kompyuter, smartphone, tablet, o telebisyon. Aron makatrabaho, makatuon, makigsosyal, og magkalingaw. Ang pangutana nga pila ka oras ang imong screen time kada adlaw dili na lang usa ka simple nga numero. Kini usa ka timailhan sa atong lifestyle, kahimsog, ug kalipay. Ang tipikal nga gidugayon base sa pinakabag-ong mga pagtuon sa World Health Organization ug mga lokal nga surbey sa Pilipinas, ang average nga adult naggastos og six hangtod nine ka oras sa pagtan-aw og screen matag adlaw. Sa mga kabataan edad 10 hangtod 18, ang numero mas taas pa usahay moabot og 10 to 12 ka oras kon apil na ang klase online, video games, ug social media. Mga hinungdan sa taas nga screen time. Trabaho ug eskwela. Ang remote work ug online learning nagpasabot nga ang mga tawo nagsita sa laing mga laptop o tablet sulod sa daghang oras. Komunikasyon. Ang mga chat apps, WhatsApp, Messenger, ug social media, Facebook, TikTok, dali ra kaayo magkadandi sa atong pag-scroll. Kalingawan. Ang streaming services, Netflix, YouTube, ug video games naghatag og dali nga escape gikan sa stress. Mga epekto sa kahimsog. Ang sobra nga screen time mahimong makaapekto sa pisikal ug mental nga kahimsog. Pagkapoy sa mata, pagsakit og likod ug liog tungod sa dili maayong postura, pagkaluya sa tulog tungod sa blue light nga makapugos sa melatonin production, stress ug anxiety tungod sa constant nga notification ug FOMO. Paagi sa pagmonitor ug pag-limit. Gamiton ang built-in screen time tracker sa imong smartphone o kompyuter. Sa iOS, Android, o Windows, makita nimo ang detalye sa adlaw-adlaw nga paggamit. I-set ang daily limit. Pananglitan, duha ka oras para sa social media, tulo ka oras para sa trabaho, eskwela, ug usa ka oras para sa kalingawan. Mag-practice og digital detox. Pili-a ang usa o duha ka oras kada adlaw nga walay screen. Sama sa pagbasa og libro o paglakaw-lakaw. Pagbalanse sa kinabuhi. Ang tumong dili mao ang paglikay sa mga screen, kundi ang pagbaton og kontrol. Ang pagplano og klaro nga schedule makatabang sa pagpahimutang og limitasyon. Magsugod sa buntag. Human magmata, dili dayon i-check ang telepono. Buha ta una ang simple nga stretching o meditation. Sa trabaho o eskwela, gamiton ang Pomodoro Technique, 25 minutes focus, 5-minute break, Aron malikayan ang screen fatigue. Sa gabii, i-turn off ang mga devices 30 ka minutos sa dili matulog o gamita ang night mode. Ang screen time usa ka importante nga sugdanan sa atong digital nga kinabuhi. Pinaagi sa maayong pagmonitor, pag-set up og limitasyon, ug pag-practice og regular nga digital breaks, mahimo natong mapungaan ang negatibong epekto o mapalambo ang atong kahimsog ug produktibidad. Ang pangutana, pila ka oras ang imong screen time kada adlaw mahimong usa ka paadla nga maghunahuna ta kon giunsa nato paggamit ang teknolohiya aron kini magserbisyo kanato, dili magpahimulos kanato.","Sa modernong panahon, halos tanan nato napugos na nga magamit og mga screen. Kompyuter, smartphone, tablet o telebisyon aron makatrabaho, makatuon, makigsosyal ug magkalingaw. Ang pangutana nga pila ka oras ang imong screen time kada adlaw dili na lang usa ka simple nga numero. Kini usa ka timailhan sa atong lifestyle, kahimsog ug kalipay. Ang tipikal nga gidugayon base sa pinakabag-ong mga pagtuon sa World Health Organization ug mga lokal nga survey sa Pilipinas, ang average nga adult naggastos og six hangtod nine ka oras sa pagtan-aw og screen matag adlaw. Sa mga kabataan edad 10 hangtod 18, ang numero mas taas pa usahay moabot og 10 to 12 ka oras kon apel na ang klase online, video games ug social media. Mga hinungdan sa taas nga screen time, trabaho ug eskwela. Ang remote work ug online learning nagpasabot nga ang mga tawo nagsita sa laing mga laptop o tablet sulod sa daghang oras. Komunikasyon, ang mga chat apps, WhatsApp, Messenger ug social media, Facebook, TikTok dali ra kaayo magkadandi sa atong pag-scroll. Kalingawan, ang streaming services, Netflix, YouTube ug video games naghatag og dali nga escape gikan sa stress. Mga epekto sa kahimsog, ang sobra nga screen time mahimong makaapekto sa pisikal ug mental nga kahimsog. Pagkapoy sa mata, pagsakit og likod ug liog tungod sa dili maayong postura, pagkaluya sa tulog tungod sa blue light nga makapugos sa melatonin production, stress ug anxiety tungod sa constant nga notification ug FOMO. Paagi sa pagmonitor ug pag-limit, gamiton ang built-in screen time tracker sa imong smartphone o kompyuter. Sa iOS, Android ug Windows, makita nimo ang detalye sa adlaw-adlaw nga paggamit. I-set ang daily limit. Pananglitan, duha ka oras para sa social media, tulo ka oras para sa trabaho, eskwela ug usa ka oras para sa kalingawan. Mag-practice og digital detox. Piliha ang usa o duha ka oras kada adlaw nga walay screen, sama sa pagbasa og libro o paglakaw-lakaw. Pagbalanse sa kinabuhi. Ang tumong dili mao ang paglikay sa mga screen, kundi ang pagbaton og kontrol. Ang pagplano og klaro nga schedule makatabang sa pagpahimutang og limitasyon. Magsugod sa buntag, human magmata, dili dayon i-check ang telepono. Buha ta una ang simple nga stretching o meditation. Sa trabaho o eskwela, gamiton ang Pomodoro Technique, 25 minutes focus, 5 minute break, aron malikayan ang screen fatigue. Sa gabii, i-turn off ang mga devices 30 ka minutos sa dili matulog o gamita ang night mode. Ang screen time usa ka importante nga sukdanan sa atong digital nga kinabuhi. Pinaagi sa maayong pagmonitor, pag-set up og limitasyon ug pag-practice og regular nga digital breaks, mahimo natong mapungaan ang negatibong epekto o mapalambo ang atong kahimsog ug produktibidad. Ang pangutana, pila ka oras ang imong screen time kada adlaw mahimong usa ka paadla nga maghunahuna ta kon giunsa nato paggamit ang teknolohiya aron kini magserbisyo kanato, dili magpahimulos kanato.",0.07368421052631578,34,0,1,441,0.01192504258943782,25,10,0,2900
CEB_008,Cebuano,male,Philippines,Tagalog / Filipino,Philippines - Manila (Tagalog),Linux,Mobile,216,45-59,False,fluent,000_005,4,"Sa atong adlaw-adlaw nga kinabuhi, ang kwarta maoy usa ka hinungdanon nga butang nga nagpalihok sa daghang aspeto sa atong pakig-uban, pagtrabaho, ug pagplano para sa umaabot. Busa natural ra mangutana ta, nagtipig ka ba og kwarta? Ang pagtipig dili usa ka simple nga buhat, apan usa ka pamaagi sa pag-andam sa kaugmaon, paglikay sa kalisud, ug pagtukod og seguridad sa pinansyal. Hisgutan nato ang mga rason, mga paagi, ug benepisyo sa maayong pagtipig. Ngano nga importante ang pagtipig? Seguridad sa kinabuhi, pagplano sa mga damgo, paglikay sa utang. Unsaon pagsugod sa pagtipig? Paghimo og budget, mag-set og goal, automatic nga transfer, pilia ang saktong account, subaybayan ug adjust. Mga praktikal nga paagi sa pagtipig. Round up savings, cash envelope system, side gig income, paglikay sa impulse buying. Benepisyo sa pagpadayon sa maayong batasan. Mas daghang oportunidad, pagpasiugda sa disiplina, pagpasa sa gawi sa sunod nga henerasyon. Ang pangutana, nagtipig ka ba og kwarta? Dili lang usa ka simple nga pag-usisa. Kini usa ka paalala nga ang atong pinansyal nga kahimtang usa ka pundasyon sa atong kinabuhi. Pinaagi sa klarong budget, mga hinabnay nga tumong, ug sistematikong mga lakang, bisan kinsa makabuot ang seguridad ug kalinaw sa pangutok. Ug di karon, bisan gamay ra ang kantidad, kay ang gahom sa pagtipig nagikan sa pagpadayon ug konsistensya.","Sa atong adlaw-adlaw nga kinabuhi, ang kwarta maoy usa ka hinungdanon nga butang nga nagpalihok sa daghang aspeto sa atong pakig-uban, pagtrabaho, ug pagplano para sa umaabot. Busa natural ra mangutana ta, nagtipig ka ba og kwarta? Ang pagtipig dili usa ka simple nga buhat, apan usa ka pamaagi sa pag-andam sa kahugmaon, paglikay sa kalisud, ug pagtukod og seguridad sa pinansyal. Hisgotan nato ang mga rason, mga paagi, ug benepisyo sa maayong pagtipig. Ngano nga importante ang pagtipig? Seguridad sa kinabuhi, pagplano sa mga damgo, paglikay sa utang. Unsaon pagsugod sa pagtipig? Paghimo og budget, mag-set og goal, automatic nga transfer, piliya ang saktong account, subaybayan ug adjust. Mga praktikal nga paagis sa pagtipig. Round-up savings, cash envelope system, side gig income, paglikay sa impulse buying. Benepisyo sa pagpadayon sa maayong batasan. Mas daghang oportunidad, pagpasiugda sa disiplina, pagpasa sa gawi sa sunod nga henerasyon. Ang pangutana, nagtipig ka ba og kwarta? Dili lang usa ka simple nga pag-usisa. Kini usa ka paalala nga ang atong pinansyal nga kahimtang usa ka pundasyon sa atong kinabuhi. Pinaagi sa klarong budget, mga hinabnay nga tumong, ug sistematikong mga lakang, bisan kinsa makabuot ang seguridad ug kalinaw sa pangutok. Dugdi karon, bisan gamay ra nga kantidad, kay ang gahom sa pagtipig nagikan sa pagpadayon ug konsistensya.",0.041666666666666664,7,2,0,207,0.007293946024799417,3,2,5,1366
CEB_008,Cebuano,male,Philippines,Tagalog / Filipino,Philippines - Manila (Tagalog),Linux,Mobile,311,45-59,False,fluent,000_006,5,"Sa kinabuhi, daghan ta ug mga paagi aron makapahimulos sa kalibutan nga atong gibuhi. Usa sa labing simple apan epektibo nga paagi mao ang paglakaw. Diin lang kini panglawas kondili usa sab ka paagi sa pag-discover sa kaugalingon ug sa palibot. Una, ang pisikal nga benepisyo. Kon maglakaw ka og layo, imong ginapasiguli ang imong kasingkasing, nagpalig-on sa mga kaonoran ug nagtabang sa pagkontrol sa timbang. Ang regular nga paglakaw makapaminos sa risgo sa hypertension, diabetes ug uban pang chronic nga sakit. Sa paglakaw sulod sa thirty ka minutos, ang imong lawas magpagawas og endorphins, ang feel-good hormones nga makapahimo kanimo nga mas malipayon ug mas relax. Ikaduha, ang mental nga kalinaw. Ang paglakaw sa gawas, ilabina kon aduna kay kahayag sa adlaw ug priskong hangin, makapahupay sa stress ug anxiety. Makapamalandung ka samtang nagtan-aw sa kahayag sa kahayupan, sa mga kahoy nga nagtan-aw sa kahayag sa adlaw o sa mga talan-awon nga naghatag og katahum. Ang paglakaw layo usab naghatag og panahon sa paghunahuna sa mga plano, mga damgo ug mga problema nga gusto nimo masulbad. Ikatulo, ang kultural ug sosyal nga aspeto. Sa paglakaw, makakita ka og mga bag-ong lugar, makaila og mga tawo ug makasabot sa kultura sa imong komunidad. Mahimong ma-explore nimo ang mga karaang simbahan, mga merkado o mga bukid nga wala pa nimo nasulayan. Ang mga kasinatian nga kini nagpadako sa imong panglantaw sa kalibutan ug nagpalig-on sa imong koneksyon sa mga tawo. Sa katapusan, ang paglakaw og layo usa ka simple nga kalihokan nga puno sa daghang benepisyo. Kon wala pa kay naandan, sugod di sa gamay-gamay. Usa ka ten ka minutos nga paglakaw sa palibot sa inyong balay. Sa paglabay sa panahon, mahimo nimo kini palapdan hangtod sa usa ka oras o labaw pa. Busa, unsa pa imong gihulat? Sugdi na ang imong lakang ug tukma na ang kalipay nga dala sa paglakaw.","Sa kinabuhi, daghan ta ug mga paagi aron makapahimulos sa kalibutan nga atong gibuhi. Usa sa labing simple apan epektibo nga paagi mao ang paglakaw. Dilang kini panglawas kondili usa sab ka paagi sa pag-diskubre sa kaugalingon ug sa palibot. Una, ang pisikal nga benepisyo. Kon maglakaw ka og layo, imong ginapasiguli ang imong kasingkasing, nagpalig-on sa mga kaunuran ug nagtabang sa pagkontrol sa timbang. Ang regular nga paglakaw makapaminos sa risgo sa hypertension, diabetes ug uban pang chronic nga sakit. Sa paglakaw sulod sa thirty ka minutos, ang imong lawas magpagawas og endorphins, ang feel-good hormones nga makapahimo kanimo nga mas malipayon ug mas relax. Ikaduha, ang mental nga kalinaw. Ang paglakaw sa gawas, ilabina kon aduna kay kahayag sa adlaw ug priskong hangin, makapahupay sa stress ug anxiety. Makapamalandung ka samtang nagtan-aw sa kahayag sa kahayupan, sa mga kahoy nga nagtan-aw sa kahayag sa adlaw o sa mga talan-awon nga naghatag og katahum. Ang paglakaw layo usab naghatag og panahon sa paghunahuna sa mga plano, mga damgo ug mga problema nga gusto nimo masulbad. Ikatulo, ang kultural ug sosyal nga aspeto. Sa paglakaw, makakita ka og mga bag-ong lugar, makaila og mga tawo ug makasabot sa kultura sa imong komunidad. Mahimong ma-explore nimo ang mga karaang simbahan, mga merkado o mga bukid nga wala pa nimo nasulayan. Ang mga kasinatian nga kini nagpadako sa imong panglantaw sa kalibutan ug nagpalig-on sa imong koneksyon sa mga tawo. Sa katapusan, ang paglakaw og layo usa ka simple nga kalihokan nga puno sa daghang benepisyo. Kon wala pa kay naandan, sugod di sa gamay-gamay. Usa ka ten ka minutos nga paglakaw sa palibot sa imong balay. Sa paglabay sa panahon, mahimo nimo kini palapdan hangtod sa usa ka oras o labaw pa. Busa, unsa pa imong gihulat? Sugdi na ang imong lakang ug tukma na ang kalipay nga dala sa paglakaw.",0.01607717041800643,4,1,0,306,0.006420545746388443,6,5,1,1858
CEB_008,Cebuano,male,Philippines,Tagalog / Filipino,Philippines - Manila (Tagalog),Linux,Mobile,350,45-59,False,fluent,000_007,6,"Sa usa ka panahon, ang panimalay dili lang simple nga panimalay kon dili usa ka komunidad. Ang atong mga silingan dili lang mga estranghero nga napuyo sa daplin sa atong balay, kon dili mga higala nga andam motabang sa oras sa panginahanglan. Apan karong panahona, pangutana kini nga nagpabilin. Suod ba gihapon ta sa atong mga silingan? Sa modernong kahimtang, dili na baya mahibong nga daghan ang dili makaila sa ilang mga silingan. Makalingaw nga bisan nagpuyo lang og duha ka metro ang gilay-on, dili gihapon mag-istoryahanay ang mga molupyo. Ang matag panimalay naa na ilang kaugalingong kalibutan. Nag-atubang sa ilang mga cellphone, nagtan-aw sa Netflix o nagtrabaho sa ilang mga laptop. Ang mga bata nagduwa na og video games sulod sa balay ina isa, pagdagan-dagan sa dalan uban sa ilang mga silingan. Apan adunay kadaot nini nga pagkawala sa koneksyon. Kon ang usa ka balay nasunog, kinsa man ang unang motabang? Ang mga bombero? Oo, pero ang mga silingan usab. Kon may masakiton sa atong, sa tungang gabii, kinsa ang imong tawagon kon wala kay sakyanan? Ang imong silingan. Ang kahinguhaan sa komunidad dili lang kabahin sa pakigstorya, kabahin kini sa pagbarog alang sa usag-usa. Dili kinahanglan nga mahimong suod kaayo nga mga higala ang atong mga silingan. Dili kinahanglan nga mag-inom ta og kape matag adlaw o mag-uban ta og lakaw matag gabii. Ang importante lang naila ta sa ilang ngalan, naila ta sa ilang nawong, nag-ila ta nga anaa sila kon kinahanglanon nato. Ang usa ka yano nga maayong buntag matag adlaw, ang paghatag og sikwati nga pan o ang pag-offer og tabang kon nag-una sila og mga grocery makadaghan na og kalainan. Suod ba kamo sa inyong mga silingan? Kon dili pa, mahimo bang sundan? Tingali panahona aron mopakig-ila, mopasabot og usa ka yano nga pahiyom ug aron magsugod og pagtukod og tulay inay og parel. Sa katapusan, ang atong mga silingan maoy unang linya sa atong seguridad, sa atong kalipay ug sa atong pagbati nga kabahin ta og usa ka dakong pamilya. Ang komunidad walay mamatay, natulog lang kini ug kini naghulat nga atong pukawon.","Sa usa ka panahon, ang panimalay dili lang simpleng nga panimalay kon dili usa ka komunidad. Ang atong mga silingan dili lang mga estranghero nga napuyo sa daplin sa atong balay kon dili mga higala nga andam motabang sa oras sa panginahanglan. Apan karong panahona, pangutana kini nga nagpabilin. Suod ba gihapon ta sa atong mga silingan? Sa modernong kahimtang, dili na baya mahibong nga daghan ang dili makaila sa ilang mga silingan. Makalingaw nga bisan nagpuyo lang og duha ka metro ang gilay-on, dili gihapon mag-istoryahanay ang mga molupyo. Ang matag panimalay naa na ilang kaugalingong kalibutan, nag-atubang sa ilang mga cellphone, nagtan-aw sa Netflix o nagtrabaho sa ilang mga laptop. Ang mga bata nagdula na og video games sulod sa balay ina isa, pagdagan-dagan sa dalan uban sa ilang mga silingan. Apan adunay kadaot niini nga pagkawala sa koneksyon. Kon ang usa ka balay nasunog, kinsa man ang unang motabang? Ang mga bombero? Oo, pero ang mga silingan usab. Kon may masakiton sa atong, sa atong ng gabii, kinsa ang imong tawagon kon wala kay sakyanan? Ang imong silingan. Ang kahinguhaan sa komunidad dili lang kabahin sa pakigistorya, kabahin kini sa pagbarog alang sa usag-usa. Dili kinahanglan nga mahimong suod kaayo nga mga higala ang atong mga silingan. Dili kinahanglan nga mag-inom ta og kape matag adlaw o mag-uban ta og lakaw matag gabii. Ang importante lang naila ta sa ilang ngalan, naila ta sa ilang nawong, nag-ila ta nga anaa sila kon kinahanglano nato. Ang usa ka yano nga maayong buntag matag adlaw, ang paghatag og sikwati nga pan o ang pag-offer og tabang kon nag-una sila og mga grocery makadaghan na og kalainan. Suod ba kamo sa inyong mga silingan? Kon dili pa, mahimo bang sundan? Tingali panahona aron mopakig-ila, mopasabot og sa yano nga pahiyom, ug aron magsugod og pagtukod og tulay inay og parel. Sa katapusan, ang atong mga silingan maoy unang linya sa atong seguridad, sa atong kalipay ug sa atong pagbati nga kabahin ta og usa ka dakong pamilya. Ang komunidad walay mamatay, natulog lang kini ug kini naghulat nga atong pukawon.",0.037142857142857144,11,1,1,338,0.00819277108433735,5,6,6,2064
CEB_012,Cebuano,male,Philippines,Tagalog / Filipino,Philippines - Manila (Tagalog),Linux,Mobile,146,45-59,True,native,001_001,7,"Unsa imong paboritong nga app? Ang ako gyung paborito nga app no kay Twitter, Discord o kaning Facebook. Di man jud namawala ang Facebook pero usahay toxic lang ka-- toxic lang kaayo ang naa sa Facebook. Pero ganahan ko Discord kay naa man didto ang mga projects nga akong gipang-apilan kaning mga online sama sa ani nga airdrops, mga ingon ana. Ug diri sa Telegram kay naa man diri ako mga kauban sa nag kuan ani ubang project. So, samot nang Twitter, ganahan kaay ko sa Twitter kay dali ra siya ba. Unya daghan kaay didtong mga tweets nga akong ganahan. Niyá open kaayo siya sa tanan. Open siya sa mga bashers, mga unsa pa dinha naa syay ug fake news gani ang imohang makuanan, naay mga, naay mga community nga motudlo nimo nga fake news na siya ug i-i-korek ka sa komunidad. Ingon ana ba.","Unsa imong paboritong nga app? Ang ako gyud paboritong nga app 'no kay Twitter, Discord o kaning Facebook. Di man jud nawala ang Facebook pero usahay toxic lang ka-- toxic lang kaayo ang na sa Facebook. Pero ganahan ko Discord kay naa man didto ang mga projects nga akong gipang-apilan kaning mga online sama sa ani nga airdrops, mga ingon ana. Ug diri sa Telegram kay naa man diri ako mga kauban sa nag-goan ani ubang project. So, samtang Twitter, ganahan kaay ko sa Twitter kay dali ra siya ba. Unya daghan kaay didto mga tweets nga kong ganahan. Niya open kaay siya sa tanan. Open siya sa mga bashers, mga unsa pa diha. Niyan naay say-- ug fake news gani ang imohang makuhanan, naay mga, naay mga community nga motudlo ni mo nga fake news na siya ug i-i-korek sa komunidad. Ingon ana ba.",0.14383561643835616,16,3,2,127,0.045512010113780026,7,15,14,769
CEB_012,Cebuano,male,Philippines,Tagalog / Filipino,Philippines - Manila (Tagalog),Linux,Mobile,113,45-59,True,native,001_002,8,"Unsa ang imong paborito nga bulak? Daghan kay ko'g paborito nga bulak, pero ang rose usa na na siya. Unya unsa gani toy? Chrysanthemum man siguro na pero gan-- ambot ganahan kay ko'g chrysanthemum nga yellow kay ako gibutang sa altar. Pero ang rose, nindot man gud kaayong rose kay basta nindot kaayo siya tan-awon sambot naglain-lain og kolor. Mga orchids ingon ana, nindot kaayo na sila. Ganahan kay ko ana nila. Unya ang mga orchids, mga dahlia, mga cosmos, basta daghan. nya karon ay nindot kaayo ning sakura pero ang sakura tua raman sa Japan wala man kaayo ni diri. Cherry blossoms mao raman siguro nag sakura? Ganahan kay ikog ana nila.","Unsa ang imong paborito nga bulak? Daghan kay ikog paborito nga bulak pero ang rose usa na na siya. Unya unsa nga niitoy? Chrysanthemum man siguro na pero gan-- ambot ganahan kay ikog chrysanthemum nga yelo kay ako gibutang sa altar. Pero ang rose, nindot man gud gayong rose kay basta nindot kaayo siya tan-awon sambot nag lain-lain og kolor. Mga orchids ingon ana, nindot kaayo na sila. Ganahan kay ikog ana nila. Unya ang mga orchids, mga dahlia, mga cosmos, basta daghan. Ya karon naay nindot kaayong ing sakura pero ang sakura tuod ara man sa Japan wala man kaayo ni diri. Cherry blossom maora man siguro ning sakura? Ganahan kay ikog ana nila.",0.18584070796460178,19,0,2,94,0.04821150855365474,5,10,16,628
CEB_012,Cebuano,male,Philippines,Tagalog / Filipino,Philippines - Manila (Tagalog),Linux,Mobile,263,45-59,True,native,001_003,9,"Kanus-a nimo labhan ang imong bayo? Ang pasabot siguro ani nga bayo kay murag deeper man ni siya nga Bisaya or Cebuano version. Dili man ni siya sa amoang nga pagka-Cebuana diri sa Cebu. So, kani siya, ang akong bayo or ang akong mga sinina, labhan naku siguro kaduha sa usa ka semana. Pero karon sa, nga busy kaayo ko, ako na ning ipa-laundry. Unya kay karon gidaghan man ni kaayo, mga pila siguro ni siya ka load sa laundry kon ako ni siya ipalabhan didto sa gawas. Unya kay magpalaba man ko karon, ang ako siguro mabayran ani mga sa tulo ka load naa na siya sa mga 600 kapin. Unya mopalit lang ko og Downy sa gawas, tag diyes ang usa, unya kinahanglan kon tulo ga ni kay maggamit man ko og Downy ana upat kada load. So, upat kada load, unya tulo ka, tulo ka, tulo ka hulganan, tulo ka load, tag upat kada, kada load, so naay 12 ang akong palitunon ani nga Downy. Unya ang sabon nga gamiton ani nga liquid soap kay Kuan, tag, tag duha kada lunod. Unya mopalit pagyud ko og kanang, unsa gitawag ani, bleach ba, kanang zonrox ani nga dekulor. Bahinon lang naku katong tag baynte. Bahinon sa tulo ka load. Unya inig kahuman sa tulo ka load, mga duha ka oras mahuman na ang labha, unya ako pa ni siyang ipapiko daan didto. Unya tulo ka load, tulo sa ana siya kapiko. Unya tag 40 man kada load sa piko, so naay mga 120 kada, kada piko. Unya maora to siya, bye.","Kanus-a ni molabhan ang imong bayo? Ang pasabot siguro ani nga bayo kay murag deeper man ni siya nga Bisaya or Cebuano version. Dili man ni siya sa among nga pagka-Cebuano diri sa Cebu. So, kani siya, ang akong bayo or ang akong mga sinina, labhan naku siguro kaduhang sa usa ka semana. Pero karon sa, nga busy kaayo ko, ako na ning ipa-laundry. Unya kay karon gidaghan man ni kaayo, mga pila siguro ni siya ka load sa laundry kung ako ni isampalaban didto sa gawas. Unya kay magpalaba man ko karon, ang ako siguro mabayran ani, mga sa tulo ka load na ana siya, mga six hundred kapin. Unya mopalit lang ko og Downy sa gawas, tag G ang usa, unya kinahanglan ko'g tulo ga ani kay maggamit man ko og Downy ana, upat kada load. So, upat kada load, unya tulo ka, tulo ka, tulo ka hulganan, tulo ka load, tag upat kada, kada load. So naay dose ang akong palitun-on ani nga Downy. Unya ang sabon nga gamiton ani nga liquid soap kay Kuan, tag, tag duha kada loo-- kada lunod. Unya mopalit pagyud ko og kanang, unsa gi tawag ani, bleach ba, kanang sunroks ani nga dekulor. Bahinon lang naku katong tag bente. Bahinon sa tulo ka load. Unya ani ang kahuman sa tulo ka load. Mga duha ka oras ma human na ang labha, unya ako pa ni siyang ipapiko daan didto. Unya tulo ka load, tulo sa ana siya ka piko. Unya tag kwarenta man kada load sa piko. So naay mga siglo bente kada, kada piko. Unya maora to siya, bye.",0.155893536121673,31,2,8,230,0.06779661016949153,31,11,50,1315
CEB_012,Cebuano,male,Philippines,Tagalog / Filipino,Philippines - Manila (Tagalog),Linux,Mobile,127,45-59,True,native,001_004,10,"Unsa oras ka kasagaran mubangon? Kasagaran ko mubangon kana sigurong alas sais na. Alas sais na ko kasagaran mubangon. Pero sa una katong mag-jogging jogging pa ko katong mag-measure pa ko sa silencio mubangon ko mga alas singko kay mag-jogging pa man ko ana, mag-walking ko bisan asa kay mag-mag-mangita ko og kanang mga hex bitaw kay mag-measure ko sa mga hex, mag-measure kog mga noise. diay dili hex, mga noise. Niya, diri sa Selencio. Niya, karon nga wala na to siya, voice AI na lang, gitapol na sad ko og laag-laag. Tapol na ko og lakaw-lakaw so mag-record na lang ko diri pareha ani karon. Mag-record na lang ko. Sa sayo gihapon ko mumatag kay mag-record man ko sayo sa buntag pero dili na ko maglakaw-lakaw.","Unsa oras ka kasagaran mubangon? Kasagaran ko mubangon kana siguro'ng alas-sais na. Alas-sais na ko kasagaran mubangon. Pero sa una, katong mag-jogging jogging pa ko, katong mag-measure pa ko sa Silencio, mubangon ko mga alas-singko kay mag-jogging pa man ko ana, mag-walking ko bisan asa kay mag-mag-- mangita ko og ganang mga hertz bitaw kay mag-measure ko sa mga hertz, mag-measure ko'g mga noise. Di ay dili hertz, mga noise. Niya, diri sa Silencio. Niya, karon nga wala na to siya, voice AI na lang, gitapol na sad ko'g laag-laag. Tapol na ko'g lakaw-lakaw. So mag-record na lang ko diri, pareha ani karon. Mag-record na lang ko. Sa sayo gihapon ko mo-mata kay mag-record man ko sayo sa buntag pero dili na ko maglakaw-lakaw.",0.2204724409448819,21,5,2,101,0.04748603351955307,14,3,17,699
CEB_012,Cebuano,male,Philippines,Tagalog / Filipino,Philippines - Manila (Tagalog),Linux,Mobile,161,45-59,True,native,001_005,11,"Pilan na ka katuig sa trabaho? Taud-taud na kong nagtrabaho ug dugay na kaayo ko nga nasigig trabaho og mga napulo na ka tuig kong naadtoan sa trabaho. Bisan unsa na lang nga klase sa trabaho ang akong gisudlan. Ngano maning mga ingon ani mani? Tungod kay lisod kaayo ang among kahimtang, so kinahanglan gyud nga magtrabaho aron makakuha og kwarta. Kay kon walay kwarta, unsay may among ipalit og bugas? Og usa imo'y palit og bugas, kon wala may bugas, unsa may among kaonon? So kinahanglan gyud nga manarbaho mi para na ka may sweldo. Unya wala ko kasabot ani. Kinahanglan na may sweldo unya, muna may sweldo makapalit mog bugas og sud-an, ug muna may bugas og sud-an makakaon mi. Siyempre, nganong ingon ani mani? Kalain sa ako ang koan. Pero mao rato, ani na lang pud tug. Nganong, nganong moana man siya nga dili ko niya madungog? Nga unsa diay ni? Sige, sige. Undangon sa nako ni bi.","Pilan na ka katuig sa trabaho? Taud-taud na kong nagtrabaho ug dugay na kaayo ko nga nasigig trabaho og mga napulo na ka tuig kong adtoan sa trabaho. Bisan unsa na lang nga klase sa trabaho ang akong gisugdan. Ngano maning mga ingon ani mani? Tungod kay lisod kaayo ang among kahimtang, so kinahanglan gyud ngano man trabaho aron makakuha og kwarta. Kay kon walay kwarta, unsay may among ipalit og bugas? Og usa imo'y palit og bugas, kon wala may bugas, unsay may among kaonon? So kinahanglan gyud nga manarbaho mi para na ka may sweldo. Unya wala ko kasabot ani. Kinahanglan na may sweldo. Unya, muna may sweldo, makapalit mog bugas og sud-an. Og muna may bugas og sud-an, makakaon mi. Siyempre, nganong ingon ani mani? Kalain sa ako ang koan. Pero mao rato, ani na lang ko tug. Nganong, nganong wa man siya nga dili ko niya madungog? Nga unsa diay ni? Sige, sige. Udangon sa tanan ko ni beh.",0.11180124223602485,16,0,2,145,0.03265765765765766,8,8,13,872
CEB_012,Cebuano,male,Philippines,Tagalog / Filipino,Philippines - Manila (Tagalog),Linux,Mobile,94,45-59,True,native,001_006,12,"Kanunay ka ba mag-video call? Dili baya. Ang importante nga akong makaistorya maong akong mga pamilya, mga suod nga higala mag-video call ko ana nila, pero dili kaayo ko kasagaran nga ganahan mag-video call kay hasulan ko. Okay ra gid nako kanang audio call, pero video call, samot nag kanang wala koy hilam-os, ungas kaayo kong paminaw nako, ungas kay akong itsura, so dili ko mag-video call kay maulaw man ko. Bati, bati kaayo para nako ba bati kaayo ako itsura, pero dili ra baya siguro. Pero maulaw lang gyud ko mag video call.","Kanunay ka ba mag-video call? Dili baya. Ang importante nga akong makaistorya ngao nga ako mga pamilya, mga suod nga higala mag-video call kung anaa nila pero dili kaayo ko kasagaran nga ganahan mag-video call kay isulan ko. Okay ra gani nako kanang audio call pero video call, samutngan kanang wala koy hilam-os, unggas kaayo kong paminaw nako, unggas kaayo kong itsura so dili ko mag-video call kay maulaw man ko. Bati, bati kaayo para nako, babati kaayo akong itsura pero dili raba ya siguro. Pero maulaw lang gani ko mag-video call.",0.2765957446808511,22,3,1,69,0.07156308851224105,11,11,16,509
CEB_012,Cebuano,male,Philippines,Tagalog / Filipino,Philippines - Manila (Tagalog),Linux,Mobile,105,45-59,True,native,001_007,13,"Asa ang imong napanglakwan na? Daghan baya kong napanglakwan, samot na tong ga sige ko og measure sa noise sa silencio, daghan kay ko'g maabtan nga kanang wala pa nako naabtan sa una, nalakwan sa una. So, gasugod kog measure adto, daghan kay kong nasudlan nga mga lugar nga wala jus nako naagi pero kinahanglan akong agian kay kinahanglan man ko mag-measure didto dapita. Bisan asa ko maabot, daghan kong nalakwan. Unya, bisan asa, bisan dili sa Cebu, katong moadto kog bisan asa laing nga isla, mong maglakaw-lakaw gihapon ko didto kay mag-measure man ko. Basta naa lay signal gyud ay mag-measure ko, maglakaw-lakaw ko.","Asa ang imong napanglakwan na? Daghan baya kong napanglakwan, sa mot na tong gasige ko'g measure sa noise sa silinso, daghan kay kong maabdan nga kanang wala pa nakog naabdan sa una, nalakwan sa una. So, gasugod ko'g measure adto, daghan kay kong nasudlan nga mga lugar nga wala pa nakog naagi pero kinahanglan akong agian kay kinahanglan mo ko mag-measure didto na pita. Bisan asa ko maabot, daghan kong nalakwan. Unya, bisan asa, bisan lili sa Cebu, katong moadto ko'g bisan asa laing nga isla, mong maglakaw-lakaw gihapon ko didto kay mag-measure man ko basta naay signal gyud ay mag-measure ko, maglakaw-lakaw ko.",0.21904761904761905,18,3,2,84,0.043548387096774194,12,9,6,599
CEB_007,Cebuano,female,Philippines,Tagalog / Filipino,Philippines - Manila (Tagalog),Windows,Desktop,358,25-34,True,native,001_008,14,"Sa tinuod lang, ganahan kaayo ko sa craft ug DIY kay para nako murag therapy siya nga mapakalma sa akong hunahuna ug makapalingaw sa akong oras bisan busy nga adlaw. Makalingaw kaayo maghimo og butang gikan sa simple nga materyales ug nya makita nimo nga naay nahuman nga output nga imong kaugalingung hinimo. Usahay magsugod ko ra ko sa walay klarong plano pero padulong sa proseso nga naakoy madiskober nga bagong ideya nga mas nindot pa kaysa sa akong unang hunahuna. Para nako, ang DIY dili lang kay hobby kondi usa ka paagi sa pag-express sa akong creativity ug imagination. Ganah ko sa feeling nga na ako mismo ang naghimo sa usa ka butang imbis nga paliton lang diretsa sa tindahan. Maghatag pud ni og sense of accomplishment nga lisod ipasabot kon dili nimo masinati. Bisan simple ra ang resulta, proud gyapung ko kay kabalo ko nga gikan gyud ni sa akong paningkamot. Nakatabang pud ni nako nga mahimong mas patient ug detail-oriented sa akong mga ginabuhat. Ang DIY usa ka kombinasyon sa fun ug learning nga dili gyud boring. Mao nang pirmi ko gana mobalik ani nga activity kon naakoy free time. Usahay maghimo ko og mga dekorasyon para sa balay gamit ang mga recycled materials kay practical ug environment-friendly pa gyud siya. Ganahan ko mag-experiment sa lain-laing design bisan unsa, haydili perpekto ang resulta kay parte man na sa learning process. Makalingaw kaayo magtan-aw sa YouTube ug Pinterest para makakuha og ideas nga pwede nako sundon o i-modify base sa akong gusto. Dili pud ko madlok mosuway og bag-ong style kay kabalo ko nga didto ko makakat-on ug mo-improve. Ang importante kay nalingaw ko sa proseso, dili lang sa final output. Makatabang pud ni nga ma-develop ang akong problem-solving skills kon naakoy masugatan nga challenge sa paghimo. Usahay maghimo ko og regalo para sa akong mga kaila nga DIY kay mas personal ug meaningful siya. Mas ma-apprecia-appreciate pud nako sa makadawat kay kabalo sila nga gi-effortan gyud. Ang DIY para nako dili lang kay activity kondi usa ka paagi sa pagpakita sa akong care ug creativity. Mao na ganahan kaay ko ani nga klase nga hobby.","Sa tinuod lang, ganahan kaayo ko sa craft og DIY kay para nako murag therapy siya nga mapakalamas akong hunahuna ug makapalingaw sa akong oras bisan busy nga adlaw. Makalingaw kaayo maghimo og butang gikan sa simple nga materyales ug nya makita nimo nga na na humaning output nga imong kaugalingu ang hinimo. Usahay magsugod ko ra ko sa walay klarong plano pero padulong sa proseso nga naakoy madiskober nga bagong ideya nga mas nindot pa kaysa sa akong unang hunahuna. Para nako, ang DIY dili lang kay hobby kondi usa ka paagi sa pag-express sa akong creativity ug imagination. Ganahan ko sa feeling nga na ako mismo ang naghimo sa usa ka butang imbis nga paliton lang diretsa sa tindahan. Maghatag pud ni og sense of accomplishment nga lisod ipasabot kon dili nimo masinati. Bisan simple ra ang resulta, proud gyapung ko kay kabalo ko nga gikan gyud ni sa akong paningkamot. Nakatabang pud ni nako nga mahimong mas patient ug detail-oriented sa akong mga ginabuhat. Ang DIY usa ka kombinasyon sa fun ug learning nga dili gyud boring. Mao nang permi ko ganah mobalik ani nga activity kon naakoy free time. Usahay maghimo ko og mga dekorasyon para sa balay gamit ang mga recycled materials kay practical ug environment-friendly pa gyud siya. Ganahan ko mag-experiment sa lain-laing design bisan unsa, hay dili perfecto ang resulta kay parte man na sa learning process. Makalingaw kaayo magtan-aw sa YouTube ug Pinterest para makakuha og ideas nga pwede nako sundon o i-modify based sa akong gusto. Dili pud ko madluk mosuway og bag-ong style kay kabalo ko nga didto ko makakat-on ug mo-improve. Ang importante kay nalingaw ko sa proseso, dili lang sa final output. Makatabang pud ni nga ma-develop ang akong problem-solving skills kon naakoy masugatan nga challenge sa paghimo. Usahay maghimo ko og regalo para sa akong mga kailla nga DIY kay mas personal ug meaningful siya. Mas ma-appre-appreciate pud nako sa makadawat kay kabalo sila nga gi-important gyud. Ang DIY para nako dili lang kay activity kondi usa ka paagi sa pagpakita sa akong care ug creativity. Mao na ganahan kaayko ani nga klase nga hobby.",0.05865921787709497,17,2,2,339,0.013763644992880873,9,9,11,2089
CEB_007,Cebuano,female,Philippines,Tagalog / Filipino,Philippines - Manila (Tagalog),Windows,Desktop,957,25-34,True,native,001_009,15,"Ganahan kaayo ko mokanta. Murag naa gyud sa ako ang dugo ba kay sukad pa pagkabata magsige nako'g piret bisan wala koy audience kon di akong kaugalingon ra. Usahay akong silingan nga dili kabalo ko mo lipay ba o masamokaan. Pero kebs ra kay lingaw man ko. Kada buntag kong maligo ko, himuon nako ang CR nga murag concert hall. Nya ako dayon imagine nga na koy spotlight ug daghang fans nga nag-cheer. Bisan ang tinuod kay shampoo ug balde ra akong kauban. Na koy mga paboritong nga kanta nga balik-bali kon gidnako hangtu ma-memorize nako ang kada linya. Og kulang na lang apilan nako og dance move bisan medyo awkward tan-awon. Usahay kong magtan-aw kog bidyoke kay dili ko magpag nan nga moapil bisan dili ako ang gitagaan og mic kay murag moinit akong lawas kong mod kadungog kog intro sa kanta. Makatawag ani ko sa akong kaugalingon kay bisan dili kaayo taas akong range, mangita gyod ko og paagi nga mahit na ko ang high notes bisan murag naay mang-- nag-ihaw og manok sa akong tingog. Pero kabalo ka, para nako dili man kinahanglan perpekto basta lingaw ug tinuod ang pagbati sa pagkanta. Mo bitaw nga bisan asa ko na koy chance, kantahon gyud nako kong paborito na mga kanta. Murag therapy na ko siya sa akong stress ug kay kapoy sa adlaw-adlaw nga mga butang. Sa tinuod lang mas malipay ko kung na koy kauban nga pareho nako og kahilig. Kay kong daghan mi, mas saba ug mas lingaw ang vibe. Mao gyud na akong mundo kong kantang, hisgutan, simple pero puno sa kalipay. Party pod sa among church choir. Ug didto kyud nako mas nadevelop akong confidence kay dili na lang ako, ako ra. Kundi naay harmony ug teamwork nga kinahanglan. Kada practice namo, na gyud nay moments nga magkatawa mi kay naay masayup sa tono o sayup ang entry. Pero instead nga maulaw mi, himuon ra namo nga joke ug padayon lang gihapon. Lindot kay sa feeling nga magkantahanay medyo ring-- misa kay murag naay lahi nga kalim-- kalinaw nga musulod sa akong kasingkasing. Dili lang siya basta kanta kondi murag paghatag pod nako og pasalamat ug pagdayeg. Usahay maglisod mi sa mga komplikado nga parts pero tungod sa paningkamot ug practice, ma-perfect ra gihapon namo. Maremember ko sa una mahadlok ko mosulok pero karon kaya na ko basta na koy support sa akong choir mates. Murag pamilya na gyod namo ang isa'g isa kadto kanaming maagian og mga performance. Kung mag-bidyoke mi sa pamilya, hala murag fiesta gyud sa ang peg kay tanan gustong mohawid sa mic bisan dili ka balo mo kanta. Basta lingaw lang gyod. Ako gyod ang perme mauna kay excited kaayo ko. Og usahay dili nako ihatag dayon ang mic kay ganahan pa ko og modungag og usa pa ka kanta. Na koy mga tita og kuya nga grabe pod mo piret. Murag competition nga hinuon usahay kung kinsa ang pinakataas og nota. Pero tinuod lang, dili man gyud na competition. Kundi bonding gyod namo nga makapahimuot sa tanan. Naa pod mga bata nga moapil bisan wala kabalo sa lyrics pero cute kaayo tan-awon. Usahay magkatawa mi kay naay mokanta nga wala sa tono pero clap gihapon mi kay effort is life man. Ang lamisa puno sa pagkaon samtang nagkanta mi. Mao ang busog na tingog pa gyod. Naay gyud mga moment nga mga duet mi og kalit lang magkatawa tungod kay naglibog sa lyrics. Pero kana nga mga simple moment, mao nay pinaka bilhil-bililhon. Dili kinahanglan nga mahal ang outing basta naay lang may bidyo ke solve na. Murag ang kanta maoy nagdugtong sa among pamilya. Og kada human sa session, kapoy pero happy man a-- kaayo ang tanan. Sa akong barkada pod, kabalo na sila nga ako gyud ang resident singer. Mao na kong naa mi ka didto, automatic nga na koy assignment nga mokanta. Dili ko kabalibad kay ganahan man pod ko. Pero usahay magpadrama ko ug ulaw ko. Bisan tinuod excited na kaayo ko. Lingaw kaayo kay mag-request sila og mga kantang nga challenging para nako. Murag gusto nila tan-aw kon makaya ba nako. Naa pod uban nga mokanta. Kuyog nako bisan wala sila practice. Pero okay ra na kay mas fun man kung daghan mi. Usahay maghimo mi og mini contest nga ang loser mo-order og snacks. Mao nang tanan maningkamot gyod. Makalingaw pod kay moarte ang mga murag naa sa concert. Naay mic stand effect og pa-pose, pose pa. Ako pod dili papilde. Ma video ko sa arte para mas entertaining. Pero sa likod ani importante gihapon nga nag-enjoy mi og walay nag-judge. Kay sa among grupo, walay perfect singer pero tanan passionate. Munang bisan usahay kabisi sa kinabuhi, mangita gyud mi og time para magtapok og magkanta. Kay ang para namo, ang kanta dili lang lingaw kondi stress reliever pod. Og kana nga moment dili gyud mapalit og kwarta. Sa akong kaugalingong nga oras, ganahan pod ko mok-practice para ma-improve akong tingog. Kay bisan lingaw-lingaw lang ko, gustog gihapon nako ma-level og gamay. Maminaw ko sa mga orig'nal nga kanta og suwayan nako og sundon ang style sa singer. Pero usahay butangan nako og sariling twist. Na koy mga adlaw nga feeling nako maayo ko. Og naa pod mga adlaw nga murag gusto nako mohilak kay dili mosabay akong tingog. Pero ingon ana man gyud na. Dili perme perfect. Basta padayon lang. Usahay mag-record ko sa mga akong pagkanta para madungog nako kong asa ko pwede mo-improve. Makatawa gani ko usahay kay laing ako madunggan kompara sa akong expectation. Pero instead nga madiscourage, himuon nako nga motivation. Naa koy mga kantang nag-reserve nako kung gusto ko mapabibo sa crowd. Ugna pod koy mga slow song kung gusto nako mapahilom sa-","Ganahan kaayo ko mokanta. Murag naa gyud sa ako ang dugo ba kay sukad pa pagkabata magsige na ko'g pirit bisan wala koy audience kundi akong kaugalingon ra. Usahay akong silingan nga dili kabalo ko mo lipay ba o masamukan. Pero kebs ra kay lingaw man ko. Kada buntag kong maligo ko, himuon nako ang CR nga murag concert hall. Nya ako dayon imagine nga na koy spotlight ug daghang fans nga nag-cheer. Bisan ang tinuod kay siyam puwog balde ra akong kauban. Na koy mga paboritong nga kanta nga balik-bali kon git nako hangtu ma-memorize na ko ang kada line nya ug kulang na lang apilan nako og dance move bisan medyo awkward tan-awon. Usahay kong magtan-aw ko pog bidyo kay dili ko magpugngan nga moapil bisan dili ako ang gitagaan og mic kay murag moinit akong lawas kong modkadungog ko'g intro sa kanta. Makatawag ani ko sa akong kaugalingon kay bisan dili kaayo taas akong range, mangita gyud ko og paagi nga mahit na ko ang high notes bisan murag naay nag-ihaw og manok sa akong tingog. Pero kabalo ka, para nako dili man kinahanglan perfekto basta lingaw ug tinuod ang pagbati sa pagkanta. Ko bitaw nga bisan asa ko, na koy chance, kantahon gyud nako kong paborito nga mga kanta. Murag therapy na ko siya sa akong stress ug kay kapoy sa adlaw-adlaw nga mga butang. Sa tinuod lang, mas malipay ko kung na koy kauban nga pareho nako og kahilig. Kay kong daghan mi, mas saba ug mas lingaw ang vibe. Mao gyud na akong mundo kong kantang, sutan, simple pero puno sa kalipay. Parte pod sa among church choir. Ug didto kuyod nako mas nadevelop akong confidence kay dili na lang ako, ako ra, kundi naay harmony ug teamwork nga kinahanglan. Kada practice namo, na gyud nay moments nga magkatawa mi kay naay masayop sa tono o sayop ang entry. Pero instead nga maulaw mi, himuon ra namo nga joke ug padayon lang gihapon. Lindot kay sa feeling nga magkantahanay medyo ring-- misa kay murag naay lahi nga kalinaw nga musulod sa akong kasingkasing. Dili lang siya basta kanta kundi murag paghatag pod nako og pasalamat ug pagdayeg. Usahay maglisod mi sa mga komplikado nga parts, pero tungod sa paningkamot ug practice, ma-perfect ra gihapon namo. Maremember ko sa una, mahadlok ko mosulok pero karon kaya na ko basta na koy support sa akong choir mates. Murag pamilya na gyud namo ang isa'g isa kadagko naming maagian og mga performance. Kung mag-bidyo kay mi sa pamilya, hala murag fiesta gyud sa ang peg kay tanan gustu mohawid sa mic bisan dili ka balo mo kanta. Basta lingaw lang gyud. Ako gyud ang perme mauna kay excited kaayo ko. Ug usahay dili na ko ihatag dayon ang mic kay ganahan pa ko og modungag ug usa pa ka kanta. Na koy mga tita ug kuya nga grabe pod mo pirit. Murag competition nga hinuon usahay kon kinsa ang pinakataas og nota. Pero tinuod lang, dili man gyud kompetisyon, kundi bonding gyud namo nga makapahimuot sa tanan. Na pod mga bata nga moapil bisan wala kabalo sa lyrics pero cute kaayo tan-awon. Usahay magkatawa mi kay naay mokanta nga wala sa tono pero clap gihapon mi kay effort is life man. Ang lamisa puno sa pagkaon samtang nagkanta mi. Mao ang busog na tingog pa gyud. Naay gyud mga moment nga mga duet mi ug kalit lang magkatawa tungod kay naglibog sa lyrics. Pero kana nga mga simple moment, mao nay pinaka bilhil-bilhilhon. Dili kinahanglan nga mahal ang nga outing basta naa lang may bidyo kay solve na. Murag ang kanta maoy nagdugtong sa among pamilya. Ug kada human sa session, kapoy pero happy man a-- kaayo ang tanan. Sa akong barkada pod, kabalo na sila nga ako gyud ang resident singer. Mao na kong na mi ka didto, automatic nga na koy assignment nga mokanta. Dili ko kabalibad kay ganahan man pod ko. Pero usahay magpadrama ko ug hulo ako. Bisan di tinuod excited na kaayo ko. Lingaw kaayo kay mag-request sila og mga kantang nga challenging para nako. Murag gusto nila tan-aw kon makaya ba nako. Naa pod uban nga mokanta. Kuyog nako bisan wala sila practice. Pero okay ra na kay mas fun man kung daghan mi. Usahay maghimo mi og mini contest nga ang loser mo-order og snacks. Mao nang tanan maningkamot gyud. Makalingaw pod kay moarte ang mga murag naa sa concert. Naay mic stand effect ug pa-pose, pose pa. Ako pod dili papilde. Moa bidyo ko sa arte para mas entertaining. Pero sa likod ani, importante gihapon nga nag-enjoy mi og walay nag-judge. Kay sa among grupo, walay perfect singer pero tanan passionate. Munang bisan usahay kabisi sa kinabuhi, mangita gami og time para magtapok ug magkanta. Kay ang para namo, ang kanta dili lang lingaw kundi stress reliever pod. Ug kana nga moment dili gyud mapalit og kwarta. Sa akong kaugalingong nga oras, ganahan pod ko mok-practice para ma-improve akong tingog. Kay bisan lingaw-lingaw lang ko, gustong gihapon nako ma-level og gamay. Mami na ko sa mga oredyang nga kanta ug suwayan nako'g sundon ang style sa singer. Pero usahay ibotangan nako og sariling twist. Na koy mga adlaw nga feeling nako maayo ko ug naay pod mga adlaw nga murag gusto na ko mohilak kay dili mosabay akong tingog. Pero ingon ana man gyud na. Dili perme perfect basta padayon lang. Usahay mag-record ko sa mga akong pagkanta para madungog nako kon asa ko pwede mo-improve. Magkatawag ani ko usahay kay laing nga akong madunggan kumpara sa akong expectation. Pero instead nga madiscourage, himuon nako nga motivation. Na koy mga kantang nag-reserve nako kon gusto ko mapabibo sa crowd. Unya pod koy mga slow song kon gusto nako mapahilom sa-",0.11180773249738767,87,8,12,862,0.030735049064987967,66,50,50,5285
CEB_007,Cebuano,female,Philippines,Tagalog / Filipino,Philippines - Manila (Tagalog),Windows,Desktop,799,25-34,True,native,001_010,16,"Sa tinuod lang, kung pangutan-on ko kung ganahan ba ko molakaw layo o mobiyahe og layo kaayo, kasigarang mo smile ko moingon nga dili kaayo ko ganahan kay para nako, ang taas kaayong biyahe usahay pertigyo ka kapoy sa lawas ug sa hunahuna. Dili magko kontra sa pagbiyahe pero kung sobra kaayo kalayo ang destinasyon, magsugod na dayon ko hunahuna sa kapoy sa dalan, sa taas nga oras sa sakyanan ug sa pagbati nga murag gusto na lang ko mohigda sa balay. Para nako, lahi ra gyud ang kahupayan sa pag-stay sa lugar nga familiar kaayo ko. Kung asa kabalo ko sa matag kanto, sa mga tindahan nga duol ra ug sa mga lugar nga dali ra kaayo adtuon kon gusto ko magpahulay o magpalit og pagkaon. Apan bisan dili ko hilig og layo nga biyahe, dili pod pasabot nga dili ko ganang mogawas kay kon laag lang uban sa pamilya o barkada, okay ra pod kaayo basta di lang sobra kalayo og dili kaayo kapoy ang biyahe. Usahay kon naay mag-invite og gamay nga outing o laag sa duol nga lugar, magkahunahuna ko nga basi nice pod nga makagawas ko gamay aron makabreak sa routine sa adlaw-adlaw nga kinabuhi. Ang tinuod ana kay usahay ang kapoy sa biyahe mawala ra kon lingaw ang imong kauban ug kong puno og katawa ang inyong panon sa padulong sa imong destinasyon. Naakoy nahinumdoman sa usa ka adlaw nga naplano mi sa akong barkada nga maglaag sa usa ka lugar nga dili kaayo layo sa among balay. Ug sa una nagduhaduha ko kon mouban ba ko kay nadlok ko nga basin kapoy ra gihapon ang biyahe. Apan sa kadugayan, nikuyog gihapon ko nila kay nakahunahuna ko nga usahay kinahanglan pod nako mogawas sa akong comfort zone og mosulay og lahi nga kasinatian bisan gamay lang. Sa among pagbiyahe, nagsakay mi og sakyanan samtang nagpatukar og music ug nagkatawa sa mga random nga istorya nga murag walay katapusan. Didto na ko nasabtan nga usahay dili diay ang lugar ang pinakabida sa usa ka laag kondi ang mga tawo nga imong kauban sa panaw. Bisan medyo kapoy ang biyahe, nabaliwala ra nako ang kakapoy kay lingaw kaayo ang among istoryahanan ug murag pas-pas ra kaayo nilabay ang oras. Sa dihang nakaabot mi sa among destinasyon, simple ra kaayo ang lugar apan presko ang hangin ug malinawon ang palibot nga murag nakapahunong sa dali sa adlaw-adlaw nga kinabuhi. Naglingkod lang mi didto, nagtan-aw og sa palibot ug nag-istorya sa among mga plano, mga damgo ug usahay mga kataw-anan nga panghitabo sa among kinabuhi. Didto na ko nasabtan nga usahay ang pinakasimple nga laag mao pay pinakalipay nga kasinatian. Didto na ko dili na kinahanglan lang kaayo nga ang biyahe aron makabati og kalipay kay usahay ang kalipay naara sa gamay nga moment nga imong ma-experience uban sa mga tawo nga importante sa imoha. Pagkahuman sa among laag, nakabantay ko nga bisan kapoy ang lawas, ganahan ang gaan akong paminaw kay murag nakapahulay ang akong hunahuna gikan sa problema sa adlaw-adlaw. Nakahinumdom ko nga usahay kinahanglan gyud diay mo og gawas sa balay aron makakita ka nga laing nga perspektibo sa kinabuhi. Apan bisan ana, kabalo gihapon ko sa akong kaugalingon nga dili gihapon ko hilig og sobra kaayo nga layo ka biyahe kay mas ganahan gihapon ko nga simple og duol nga laag. Mas ganahan ko sa mga biyahe nga dili kaayo stressful ug dili kinahanglan og daghang oras sa dalan. Para nako, mas importante ang quality sa experience kaysa sa kalayo sa destinasyon. Usahay, ang usa ka gamay nga lakaw sa duol nga park o kafe sapat na aron makarelax o mohunahuna. Dili kinahanglan nga magbiyahe ka og pila ka oras aron lang makabati og kalipay. Ang importante kay naa kay panahon nga makaginhawa og makapahulay sa imong hunahuna gikan sa kasaba sa adlaw-adlaw nga kinabuhi. Usahay maghunahuna ko nga ang kinabuhi murag biyahe pod sa dalan nga dili nato pirmi kontrolado ang destinasyon. Apan sa mas ako pagbati sa pagbiyahe, mas gusto nako nga hinay-hinay lang ang dagan og dili magdali sa tanan nga butang. Mas maayo nga magtagamtaman ang matag moment kaysa magdali padulong sa sunod nga lugar. Kay sa katapusan, dili man gyud ang kalayo sa imong adtuan ang sukdanan sa kalipay, kondi ang mga memorya nga imong nadala gikan sa mga lugar nga imong giatuohan ug sa mga tawo nga imong kauban sa panaw. Busa kong mangutana ka nako kon ganahan ba ko molakaw layo, moingon gihapon ko nga dili kaayo kay kapoy man gyud ang taas nga biyahe. Apan kon laag og uban sa mga tawo nga akong giigugma og kon simple lang nga adventure nga puno og katawa og istorya, okay ra pod kaayo ko mouban og mosulay sa usa ka usab ka gamay nga panaw sa kinabuhi.","Sa tinuod lang, kung pangutanon ko kung ganahan ba ko molakaw layo o mobyahe og layo kaayo, kasigarang mosmailang ko moingon nga dili kaayo ko ganahan kay para nako, ang taas kaayong byahe usahay pertigyo ka kapoy sa lawas ug sa hunahuna. Dili magkokontra sa pagbiyahe pero kung sobra kaayo kalayo ang destinasyon, magsugod na dayon ko hunahuna sa kapoy sa dalan, sa taas nga oras sa sakyanan ug sa pagbati nga murag gusto na lang ko mohigda sa balay. Para nako, lahi ra gyud ang kahupayan sa pag-stay sa lugar nga familiar kaayo ko. Kung asa kabalo ko sa matag kanto, sa mga tindahan nga duol ra ug sa mga lugar nga dali ra kaayo adtuon kon gusto ko magpahulay o magpalit og pagkaon. Apan bisan dili ko hili og layo nga byahe, dili pod pasabot nga dili ko ganang mogawas kay kon laag lang uban sa pamilya o barkada, okay ra pod kaayo basta dili lang sobra kalayo og dili kaayo kapoy ang byahe. Usahay kon naay mag-invite og gamay nga outing o laag sa duol nga lugar, magkahuna-huna ko nga basi nice pod nga makagawas ko gamay aron makabreak sa routine sa adlaw-adlaw nga kinabuhi. Atiay'g tud-an na kay usahay ang kapoy sa byahe mawala ra kon lingaw ang imong kauban og kon puno og katawa ang inyong panon sa padulong sa imong destinasyon. Naakoy nahinumduman sa usa ka adlaw nga naplano mi sa akong barkada nga maglaag sa usa ka lugar nga dili kaayo layo sa among balay. Ug sa una nagduhaduha ko kon mouban ba ko kay nadlu ko nga basin kapoy ra gihapon ang byahe. Apan sa kadugayan, nikuyog gihapon ko nila kay nakahunahuna ko nga usahay kinahanglan pod nako mogawas sa akong comfort zone og mosulay og lahi nga kasinatian bisan gamay lang. Sa among pagbiyahe, nagsakay mi og sakyanan samtang nagpatukar og music og nagkatawa sa mga random nga istorya nga murag walay katapusan. Didto nako nasabtan nga usahay dili diay ang lugar ang pinakabida sa usa ka laag kondi ang mga tawo nga imong kauban sa panaw. Bisan medyo kapoy ang byahe, nabaliwala ra nako ang kakapoy kay lingaw kaayo ang among istoryahanan og murag pas-pasar kaayo nilabay ang oras. Sa dihang nakaabot mi sa among destinasyon, simple ra kaayo ang lugar apan presko ang hangin og malinawon ang palibot nga murag nakapahunong sa kadali sa adlaw-adlaw nga kinabuhi. Naglingkod lamii didto, nagtan-aw og sa palibot og nag-istorya sa among mga plano, mga damgo og usahay mga katawanan nga panghitabo sa among kinabuhi. Didto nako nasabtan nga usahay ang pinakasimple nga laag mao pay pinakalipay nga kasinatian. Didto nako dili na kinahanglan lang kaayo nga ang byahe aron makabati og kalipay kay usahay ang kalipay naara sa gamay nga moment nga imong ma-experience uban sa mga tawo nga importante sa imoha. Pagkahuman sa among laag, nakabantay ko nga bisan kapoy ang lawas, ganahan ang gaanon kong paminaw kay murag nakapahulay ang akong hunahuna gikan sa problema sa adlaw-adlaw. Nakahinumdom ko nga usahay kinahanglan gyud diay mo og gawas ka sa balay aron makakita ka nga laing nga perspektibo sa kinabuhi. Apan bisan ana, kabalo gihapon ko sa akong kaugalingon nga dili gihapon ko hili og sobra kaayo nga layo ka byahe kay mas ganahan gihapon ko nga simple og duol nga laag. Mas ganahan ko sa mga byahe nga dili kaayo stressful og dili kinahanglan og daghang oras sa dalan. Para nako, mas importante ang quality sa experience kaysa sa kalayo sa destinasyon. Usahay, ang usa ka gamay nga lakaw sa duol nga park o kafe sapat na aron makarelax o mohunahuna. Dili kinahanglan nga magbiyahe ka og pila ka oras aron lang makabati og kalipay. Ang importante kay naay kay panahon nga makaginhawa og makapahulay sa imong hunahuna gikan sa kasaba sa adlaw-adlaw nga kinabuhi. Usahay maghunahuna ko nga ang kinabuhi murag byahe pod sa dalan nga dili nato pirmi kontrolado ang destinasyon. Apan sa mas ako pagbati sa pagbiyahe, mas gusto nako nga hinahina lang ang dagan og dili magdali sa tanan nga butang. Mas maayo nga magtagamtaman ang matag moment kaysa magdali padulong sa sunod nga lugar. Kay sa katapusan, dili man gyud ang kalayo sa imong adtoan ang sukdanan sa kalipay, kondi ang mga memorya nga imong nadala gikan sa mga lugar nga imong gi-adtoan og sa mga tawo nga imong kauban sa panaw. Kon sa akong mangutana kanako kon ganahan ba ko molakaw layo, moingon gihapon ko nga dili kaayo kay kapoy man gyud ang taas nga byahe. Apan kon laag ak uban sa mga tawo nga akong giigugma og kon simple lang nga adventure nga puno og katawa og istorya, okay ra pod kaayo ko uban og mosulay sa usa ka usab ka gamay nga panaw sa kinabuhi.",0.07634543178973717,51,8,2,740,0.018650088809946713,19,39,26,4446
CEB_007,Cebuano,female,Philippines,Tagalog / Filipino,Philippines - Manila (Tagalog),Windows,Desktop,953,25-34,True,native,001_011,17,"Nindut kaayo ako ang kwarto. Dili siya bongga tan-awon kon i-compare sa uban, pero para nako perfect gyud siya kay na tanan nga akong kinahanglanon og gamayng luho nga makapalipay sa akong adlaw-adlaw nga routine. Pag sulod pa lang nimo, mam feel na nimo ang akong personality kay medyo mix siya sa cozy og productive vibes. Nga murag pwede ka magpahulay pero pwede pud ka magtrabaho kind of energy. Dili kaayo daghan og butang pero saktu lang para dili siya samuk tan-awon. Kay ganahan ko nga limpyo og organize ang palibot para dili pud maglibog akong utok. Ang kahayag sa kwarto kay saktura. Dili kaayo hayag nga sakit sa mata og dili pud ngitngit nga makatulog dayon ka bisan wala pa sa oras. Na koy gamay nga corner nga paborito nako tambayan kon gusto ko mag-relax og magmuni-muni. Usahay maghigda lang ko magtan-aw sa kisame, sometimes maghunahuna sa akong mga plano sa kinabuhi. Ang hangin sulod kay fresh ko pud kay na koy bintana nga makasulod ang natural light og hangin. Like safe space gud na ko ani siya kay kon gusto ko mo-escape sa kasaba sa gawas, bisan unsa pa akong mood, naa koy lugar nga akong kwarto nga mo-fit ana, ahh, mao nang proud gyud ko sa akong gamay pero meaningful nga space. Para nako dili kinahanglan dako basta ko comfortable og maka-inspire. Ang pinaka-highlight gyud sa akong kwarto eh, kay akong loft bed. Kay murag naa koy sariling mini taas nga kaharian nga ako raay maghari-hari kada matulog ko didto. Lingaw kaayo kay murag bata ko usahay nga musaka sa hagdan padulong sa taas. Nya murag adventure na dayon bisan matulog ra diay ang tuyok. Sa taas kay very cozy. Na koy humok nga higdaanan og mga unlay nga murag miyakap nako kada higda. Kon nako i-stressful nga adlaw, didto ko moadto kay murag na koy laing world nga layo sa problema. Usahay magdala ko didto og snacks mag-- og tan-aw ko og series sa akong phone. Nya dili na ko mag-notice nga naka-usa na diay ko og pila ka episodes. Ang feeling nga naka taas nga space kay lahi ra gyud. Murag naay privacy nga mas intense. Dili kaayo dako ang space pero saktu lang para ma-feel nako nga ako ra ang naa didto. Kon gabii, gikanahan ko mag-off sa suga og magtan-aw sa gamay nga kahayag sa gawas nga mosulod sa bintana. Maka-relax gyud siya sa mata og sa hunahuna. Usahay mag-play ko'g music nga mellow para mas cozy ang vibe. Murag ang loft bed, na ko ka dili lang tulugan kondi pahingahan pud sa akong stress. Mao gyud ni ang isa sa mga pinakaganahan nako nga parte sa akong kwarto. Sa ubos sa akong loft bed kay akong gamayng opisina. Og diri gyud ko napakita nga productive ko bisan usahay murag gusto ra ko matulog balik sa taas. Na koy lamesa nga saktu lang kadako og didto nako gibutang akong laptop, notebooks og uban pang gamit sa pagtrabaho. Organize kaayo nako siya kay kabalo ko nga kon gubot akong lamesa, gubot pud akong utok. Na pud gamay nga dekorasyon sama sa sticky notes nga naay reminders og motivational quotes kuno. Bisan usahay ko ra gihapon ang mag-ignore. Lingaw pud kay kon gigapuyko, motan-aw lang ko sa taas og makita nako kong higdaanan nga murag nagtawag nako. Pero siyempre discipline ra gihapon kay dili pwede permane magpadala sa katapulan. Ang chair nako kay comfortable pud para dili sakit sa likod bisan dugay ko naglingkod. Usahay mag-play ko background music para dili boring ang trabaho. Na pud koy gamay nga ilaw nga dili kaayo hayag pero saktu lang para maka-focus. Murag ang space sa ubos kay akong serious mood area. Pero bisan serious, ginabutang gihapon nako og gamayng fun para dili stressful. Mao nang balance gyud akong kwarto between work og rest. Ang akong sariling CR kay isa sa mga butang nga akong gi-appreciate kay kaayo kay dili nako kinahanglan makipag-agawan sa uban kon gusto ko maligo og mag-freshen up. Dako kaayo og tabang especially kon magdali ko og gusto lang gyud nako og privacy. Limpyo gyud nako siya ginabantayan kay para na ko importante ang hygienic ang lugar nga akong ginagamit adlaw-adlaw. Na koy mga butang didto nga organize pud sama sa toiletries og mga essentials. Usahay magdugay ko didto, dili lang tungod sa ligo, kundi magmuni-muni pud sa akong mga plano. Maka-relax pud ang tubig kon medyo i-stress ko murag mag-wash up ang kakapoy. Naa poy koy paborito nga sabon og shampoo nga makapa good mood nako. Simple ra ang CR pero functional kaayo. Dili siya fancy pero kompleto og tarong. Para nako ang importante kay comfortable ko og wala koy kahassle. Mao nang dako kaayo ni nga plus sa akong kwarto. Murag complete package gyud siya tungod ani. Kon mag-general cleaning ko sa akong kwarto, ron na koy mini workout session kay maglihok gyud ko tanan aron lang mapabiling nganindot og presko ang vibes sa akong space. Di ko ganahan nga hugkaw kay maka-apektu gyud siya sa akong mood og productivity. Magsugod ko sa paglimpyo sa lamesa, dayon sunod sa higdaanan, og dayon sa salog. Usahay magpa-tukar ko'g kusug nga music para mas ganahan ko maglihok. Makalingaw pud kay usahay masaya ko samtang nagpanilhig. Na koy sense of achievement kada mahuman na ko og limpyo kay makita gyud nako ang difference. Murag bag-ong kwarto na dayon kay sa akong panan-aw. Na pud koy routine nga mag-organize na akong gamit kada weekend. Dili man ko perfect nga organized pero naningkamot ko. Kay kabalo ko nga ang limpyo nga lugar makahatag og limpyo nga hunahuna. Mao nang importante gyud nako ang maintenance sa akong kwarto. Kay bisan unsa pa ka lindot kon dili limpyo, dili gihapon siya enjoyable.","Linut kaayo ako ang kwarto. Dili siya buang nga tan-awon kon i-compare sa uban, pero para nako perfect gyud siya kay na tanan nga akong kinahanglanon og gamayng luho nga makapalipay sa akong adlaw-adlaw nga routine. Pag sulod pa lang nimo, mam feel na nimo ang akong personality kay medyo mix siya sa cozy og productive vibes. Nga murag pwede ka magpahulay pero pwede pod ka magtrabaho kay naog energy. Dili kaayo daghan og butang pero saktu lang para dili siya sa muktan-awon. Kay ganahan ko nga limpyo og organize ang palibot para dili pod maglibog akong utok. Ang kahayag sa kwarto kay saktura. Dili kaayo hayag nga sakit sa mata og dili pod ngitngit nga makatulog dayon kabisan wala pa sa oras. Na koy gamay nga corner nga paborito nako tambayan kon gusto ko mag-relax og magmuni-muni. Usahay maghigda lang ko magtan-aw sa kisame, sometime magunahuna sa akong mga plano sa kinabuhi. Ang hangin sulod kay presko pod kay na koy bintana nga makasulod ang natural light og hangin. Like safe space gud nako ani siya kay kon gusto ko mo-escape sa kasaba sa gawas. Bisan unsa pa akong mood, na koy lugar nga akong kwarto nga mopitaan na, ahh, mao nang proud gyud ko sa akong gamay pero meaningful nga space. Para nako dili kinahanglan dako basta ko comfortable og maka-inspire. Ang pinakahighlight gyud sa akong kwarto eh, kay akong loft bed. Kay murag na koy sariling mini taas nga kaharian nga ako raay maghari-hari kada matulog ko didto. Lingaw kaayo kay murag bata ko usahay nga musaka sagdian padulong sa taas. Nya murag adventure na dayon bisan matulog ra daay ang tuyo. Sa taas kay very cozy. Na koy humok nga higdaanan og mga unlay nga murag miyakap nako kada higda. Kon nako i-stress buang adlaw, didto ko moadto kay murag na koy laing world nga layo sa problema. Usahay magdala ko didto og snacks mag-- og tan-aw ko og series sa akong phone. Nya dili na ko mag-notice nga naka-usa na daay ko og pila ka episodes. Ang feeling nga naka taas nga space kay lahi ra gyud. Murag naay privacy nga mas intense. Dili kaayo dako ang space pero saktu lang para ma-feel nako nga ako ra ang naa didto. Kon gabii, gikanahan ko mag-off sa suga og magtan-aw sa gamay nga kahayag sa gawas nga mosulod sa bintana. Makarelax gyud siya sa mata og sa hunahuna. Usahay mag-play ko'g music nga mellow para mas cozy ang vibe. Murag ang loft bed nako kay dili lang tulugan, kondi pahingahan pod sa akong stress. Mao gyud ni ang isa sa mga pinakaganahan ako nga parte sa akong kwarto. Sa ubos sa akong loft bed kay akong gamay nga opisina. Og diri gyud ko napakita nga productive kabisan usahay murag gusto ra ko matulog balik sa taas. Na koy lamesa nga saktu lang kadako og didto nako gibutang kong laptop, notebooks og uba pang gamit sa pagtrabaho. Organize kaayo nako siya kay kabalo ko nga kon gupot akong lamesa, gupot pod akong utok. Na pod gamay nga dekorasyon sama sa sticky notes nga naay reminders og motivational quotes kuno. Bisan usahay ko ra gihapon ang mag-ignore. Lingaw pod kay kon gigapuyko, motan-aw lang ko sa taas og makita nako kong higdaanan nga murag nagtawag nako. Pero siyempre discipline ra gihapon kay dili pwede permane magpadala sa katapulan. Ang chair nako kay comfortable pod para dili sakit sa likod bisan dugay ko naglingkod. Usahay mag-play ko background music para dili boring ang trabaho. Na pod koy gamay nga ilaw nga dili kaayo hayag pero saktu lang para maka-focus. Murag ang space sa ubos kay akong serious mood area. Pero bisan serious, ginabutang gihapon nako og gamayng fun para dili stressful. Mao nang balance gyud akong kwarto between work og rest. Ang akong sariling CR kay isa sa mga butang nga akong gi-appreciate kay kaayo kay dili nako kinahanglan makipag-agawan sa uban kon gusto ko maligo og mag-freshen up. Naku kaay og tabang especially kon magdali ko og gusto lang gyud nako og privacy. Limpyo gyud nako siya ginabantayan kay para nako importante ang hygienic ang lugar nga akong ginagamit adlaw-adlaw. Na koy mga butang didto nga organize pod sama sa toiletries og mga essentials. Usahay magdugay ko didto, dili lang tungod sa higda, kundi magmuni-muni pod sa akong mga plano. Makarelax pod ang tubig kon medyo i-stress ko, murag mag-wash up ang kakapoy. Na pod koy paboritong sabon og shampoo nga makapag-mood nako. Simple ra ang CR pero functional kaayo. Dili siya fancy pero kompleto og tarong. Para nako ang importante kay comfortable ko og wala koy kahassle. Mao nang dako kaayo ni nga plus sa akong kwarto. Murag complete package gyud siya tungod ani. Kon mag-general cleaning ko sa akong kwarto, ron na koy mini workout session kay maglihok gyud ko tanan aron lang mapabiling ganindot og presko ang vibes sa akong space. Di ko ganahan nga hugkaw kay maka-apektog gyud siya sa akong mood og productivity. Magsugod ko sa paglimpyo sa lamesa, dayon sunod sa higdaanan, og dayon sa salog. Usahay magpa-tukar ko og kusog nga music para mas ganahan ko maglihok. Makalingaw pod kay usahay masayo ko samtang nagpanilhig. Na koy sense of achievement kada mahuman na ko og limpyo kay makita gyud nako ang difference. Murag bag-ong kwarto na dayon kay sa akong panan-aw. Na pod koy routine nga mag-organize na akong gamit kada weekend. Dili man ko perfect nga organized pero naniingkamot ko. Kay kabalo ko nga ang limpyo nga lugar makahatag og limpyo nga hunahuna. Mao nang importante gyud nako ang maintenance sa akong kwarto. Kay bisan unsa pa ka lindot kon dili limpyo, dili gihapon siya enjoyable.",0.08394543546694648,67,10,3,876,0.01796846351301797,42,37,19,5375
CEB_007,Cebuano,female,Philippines,Tagalog / Filipino,Philippines - Manila (Tagalog),Windows,Desktop,747,25-34,True,native,002_001,18,"Sa tinuod lang, kung pangutan-on ko kung maayo ba among boss, mo smile ko dayon og moingon nga maayo man. Pero ang tinuod ana nga tubag naay gyud daghang istorya sa luyo kay dili man gud na basta simple nga oo o dili kung maghisgot ka og usa ka tawo nga nagdala sa usa ka team adlaw-adlaw. Sa unang mga adlaw nako sa trabaho, medyo kulbaan gyud ko sa akong boss kay mura siya og seryoso tan-awon og dili kaayo palabiro. Mao nga kada moagi siya sa akong lamesa, murag akong utok kalit mablanko bisan kabalo ko sa akong gibuhat. Apan kadugayan, nasabtan nako nga ang iyang pagkaseryoso dili diay tungod kaestrikto siya nga tawo kondi tungod kay gusto lang niya nga tarong ug limpyo ang trabaho sa tanan aron wala'y problema sa team ug sa kliyente. Usa ka adlaw, nakahinumdum ko nga nakahimo ko og gamay nga sayup sa report nga akong gisubmit ug nagdahom ko nga masuko gyud siya. Pero imbes kasab ang kon niya, iyang gipakita unsa ang pag-ayo sa sayup nga giingnan pa ko nga normal ra na basta importante nga makakat-on ka. Didto nako nasabtan nga usa ka maayo nga boss dili lang kay maayo mohatag og sugo kondi maayo usab motudlo og mohatag og higayon sa iyang mga empleyado nga motubo og mahimong mas maayo sa ilang trabaho. Usahay magkatawa pod mi sa opisina kung relax na ang atmosphere kay makig-istorya po siya sa amo bahin sa kinabuhi, mga plano sa trabaho, og usahay mga simpleng joke nga makapahupay sa kakapoy og usa ka taas nga adlaw sa trabaho. Busa kon mangutana ka nako pag-usab ko maayo ba among boss, moingon gyapon ko nga maayo man. Pero karon, mas klaro na sa akong hunahuna nga ang akong pasabot dili lang kay buotan siya, kondi usa siya ka leader nga kabalo maminaw, motabang og motudlo sa iyang team nga mahimong mas responsable og mas maayo nga mga tawo sa trabaho og sa kinabuhi. Sa sunod nga mga semana sa akong trabaho, nagabantay ko nga ang akong boss dili diay hilig mag-micromanage sa iyang team kay mas gusto niya nga mosalig sa abilidad sa matag usa og hatagan mi og freedom og ipakita ang among kaugalingong estilo sa pagtrabaho. Kana nga klase sa pagsalig makahatag nako og dako nga motivation kay kon kabalo ka nga gisaligan ka sa imong boss, mas ganahan ka magbuhat og maayo aron dili masayang iyang pagsalig. Usa ka higayon nga busy kaayo mi sa opisina tungod sa daghang deadline, og bisan boss siya, nakig-apil gyapon siya sa amo sa paghuman sa pipila ka task aron lang masigurado nga nahuman namo ang trabaho sa saktong nga oras. Kana nga eksena napakita gyud nako nga ang tinuod nga leader dili lang mo-sugo gikan sa layo kondi mo-supporta og motabang sa iyang team kong kinahanglan. Naa pod siyay batasang nga kon naay usa sa team nga nakabuhat og maayo, iya dayon i-acknowledge sa meeting aron mahatagan og recognition ang maong empleyado. Gamay ra kaayong paminawon ang simpleng nga pag-appreciate, apan para sa usa ka empleyado nga nakapaningkamot adlaw-adlaw, dako kaayo na og epekto sa moral og sa gana sa pagtrabaho. Nakat-on pod ko gikan sa akong boss nga importante kaayo ang komunikasyon sa usa ka team. Kay kon klaro ang instruction og open ang pag-istorya, mas sayon maklikayan ang mga sayup og misunderstanding. Usahay kon naakoy ideya nga gusto i-share, dili ko mahadlok mo-istorya kay kabalo ko nga paminawon niya ang akong suggestion bisan pa og bag-o pa ko sa team. Kana nga klase sa environment nakapahimo sa opisina nga murag usa ka lugar nga pwede ka motubo og dili lang basta lugar nga imong adtoan aron motrabaho. Usa ka adlaw nakig-istorya sa sa namo bahin sa kahinungdanon sa work-life balance og giingnan nga mi niya nga importante gyapon nga mahatagan og panahon ang pamilya og kaugalingon bisan pa og busy ang trabaho. Dili tanan boss ingon ana ang paglantaw. Mo'nga nakahatag gyud na og respeto gikan sa among team ngadto kaniya. Sa matag adlaw nga magtrabaho ko uban sa akong mga kauban og sa akong boss, mas nasabtan nako nga ang usa ka maayong leader dili perpekto apan andam motabang, maminaw og motudlo sa iyang team. Busa kon naay mangutana nako kon maayo ba gyud among boss, moingon gyapon ko nga maayo man. Og karon kabalo na ko nga ang akong tubag puno diay og respeto og pasalamat tungod sa mga leksyon og suporta nga akong nadawat sa akong trabaho.","Sa tinuod lang, kon pangutan-on ko kon maayo ba among boss, mas mahal ko dayon ug moingon nga maayo man. Pero ang tinuod ana nga tubag naay gyud daghang istorya sa luyo kay dili man gud na basta simple nga oo o dili kon mag-hisgot ka og usa ka tawo nga nagdala sa usa ka team adlaw-adlaw. Sa unang mga adlaw nako sa trabaho, medyo kulbaan gyud ko sa akong boss kay mura siya og seryoso tan-awon og dili kaayo palabiro. Mao nga kada moagi siya sa akong lamesa, murag akong utok kalit mablanko bisan kabalo ko sa akong gibuhat. Apan kadugayan, nasabtan nako nga ang iyang pagkaseryoso dili daotong og ka-estrikto siya nga tawo, kondi tungod kay gusto lang niya nga tarong og limpyo ang trabaho sa tanan aron wala'y problema sa team ug sa kliyente. Usa ka adlaw, nakahinumdum ko nga nakahimo ko og gamay nga sayop sa report nga akong gisubmit ug nagdahom ko nga masuko gyud siya. Pero imbes kasab ang ko niya, iyang gipakita unsa ang pag-ayo sa sayop nga giingnan pa ko nga normal ra na basta importante nga makakat-on ka. Didto nako nasabtan nga usa ka maayo nga boss, dili lang kay maayo mohatag og sugo kondi maayo usab motudlo og mohatag og higayon sa iyang mga empleyado nga motubo og mahimong mas maayo sa ilang trabaho. Usahay magkatawa pod mi sa opisina kon relax na ang atmosphere kay makig-istorya pod siya sa amo bahin sa kinabuhi, mga plano sa trabaho, og usahay mga simpleng joke nga makapahupay sa kakapoy og usa ka taas nga adlaw sa trabaho. Busa kon mangutana ka nako pag-usab ko maayo ba among boss, moingon gyapon ko nga maayo man. Pero karon, mas klaro na sa akong hunahuna nga ang akong pasabot dili lang kay buotan siya, kondi usa siya ka leader nga kabalo mamino, motabang, og motudlo sa iyang team nga mahimong mas responsable og mas maayo nga mga tawo sa trabaho og sa kinabuhi. Sa sunod nga mga semana sa akong trabaho, nagabantay ko nga ang akong boss dili daay hilig mag-micromanage sa iyang team kay mas gusto niya nga mosalig sa abilidad sa matag usa og hatagan mi og freedom og ipakita ang among kaugalingong estilo sa pagtrabaho. Kana nga klase sa pagsalig makahatag nako og dako nga motivasyon kay kon kabalo ka nga gisaligan ka sa imong boss, mas ganahan ka magbuhat og maayo aron dili masayang iyang pagsalig. Usa ka higayon nga busy kaayo mi sa opisina tungod sa daghang deadline, og bisan boss siya, nakig-apil gyapon siya sa amo sa paghuman sa pipila ka task aron lang masigurado nga nahuman namo ang trabaho sa saktong nga oras. Kana nga eksena napakita gyud nako nga ang tinuod nga leader dili lang mo-sugo og gikan sa layo kondi mo-supporta og motabang sa iyang team kon kinahanglan. Na pod siya'y batasan nga kon naay usa sa team nga nakabuhat og maayo, iya dayon i-acknowledge sa meeting aron mahatagan og recognition ang maong empleyado. Gamaya ra kayong paminawon ang simple nga pag-appreciate, apan para sa usa ka empleyado nga nakapaningkamot adlaw-adlaw, dako kaayo na og epekto sa moral og sa gana sa pagtrabaho. Nakat-on pod ko gikan sa akong boss nga importante kaayo ang komunikasyon sa usa ka team. Kay kon klaro ang instruction og open ang pag-istorya, mas sayon makalikayan ang mga sayop og misunderstanding. Usahay kon naako idea nga gusto i-share, dili ko mahadlok mo-istorya kay kabalo ko nga paminawon niya ang akong suggestion bisan pa og bag-o pa ko sa team. Kana nga klase sa environment nakapahimo sa opisina nga murag usa ka lugar nga pwede ka motubo og dili lang basta lugar nga imong adtoan aron motrabaho. Usa ka adlaw nakig-istorya sa sa namo bahin sa kahinungdanon sa work-life balance og giingnan niya nga importante gyapon nga mahatagan og panahon ang pamilya og kaugalingon bisan pa og busy ang trabaho. Dili tanan boss ingon ana ang paglantaw. Bunga nakahatag gyud na og respeto gikan sa among team ngadto kaniya. Sa matag adlaw nga magtrabaho ko uban sa akong mga kauban og sa akong boss, mas nasabtan nako nga ang usa ka maayong leader dili perfekto, apan andam motabang, mamino, og motudlo sa iyang team. Busa kon naay mangutana nako kon maayo ba gyud among boss, moingon gyapon ko nga maayo man. Og karon kabalo na ko nga ang akong tubag puno'd og respeto og pasalamat tungod sa mga leksyon og suporta nga akong nadawat sa akong trabaho.",0.05488621151271754,37,3,1,707,0.016579819990525817,26,28,16,4168
CEB_007,Cebuano,female,Philippines,Tagalog / Filipino,Philippines - Manila (Tagalog),Windows,Desktop,917,25-34,True,native,002_002,19,"Kung mangutana ka unsaon nako pagpahulay, simple ra gyud akong tubag: matulog. Kay para nako walay mas effective nga pahulay kundi ang paghatag gyud og saktong nga oras sa akong lawas ug hunahuna nga mo-reset pinaagi sa tulog nga limpyo og walay distractions. Dili ko anang daghang kaayo ritual nga komplikado kay nakit-an nako nga kon kapoy ko, mas maayo nga direkta na lang ko moadto sa higdaanan ug mohatag og chance sa akong kaugalingon nga mu-recover. Usahay ang uban mangita pa og laing laing paagi para mag-relax, pero ako kay kabalo na ko nga ang tulog gyud ang pinaka-epektibo. Kon kapoy na kaayo akong mata ug murag bug-at na kong ulo, dili na ko magpugos nga magpadayon pa sa akong ginabuhat. Mao nang mohunong ko og muingon sa akong kaugalingon nga okay na, pahuway na ta. Dili ko ganahan nga moabot sa punto nga ma burn-out ko kay kabalo ko nga lisud kaayo i-recover kon maabtan na ana. Mao nang proactive ko sa pagpahulay. Dili na ko gina-hulat nga grabe na kaayo ang kapoy. kung feel nako nga kinahanglan na, matulog na gyud ko. Og kana nga habit makahelp kaayo sa akong overall well-being kay ang tulog murag recharge sa akong energy. Sa dihang magdesisyon ko nga matulog, dili na ko magduhaduha pa kay kabalo ko nga mas maayo nga sundon nako ang signal sa akong lawas kay pugson nako ang akong kaugalingon nga magpabilin nga active bisan dili na kaya. Moadto ko sa akong higdaanan ug hinay-hinay nako ginapaningkamutan akong kaugalingon aron mahimong komportable kaayo ang akong posisyon. Dili ko ganahan nga muhigda nga daghan pa kog ginahunahuna. Mao nang paningkamutan nako nga i-clear akong mind sa dili pa ko matulog. Usahay mag-deep breathing lang ko aron ma-relax akong lawas. Dili ko magdala og stress sa akong tulog kay kabalo ko nga maapektuhan na sa quality. kung naa koy problema, ginabutang na ko siya sa later nga box sa akong utok kay ang pahulay, pahulay gyud. naa koy mindset nga ang tulog dili sayang nga oras kundi investment. Mao nang gina value nako siya. Og kung ready na gyud ko, paspas ra kaayo ko makatulog. Murag automatic shutdown akong system ug kana nga process simple pero epektibo kaayo. Ang akong loafbed kay dako kaayo og role sa akong pagpahulay kay tungod sa iyang ka-cozy ug ka-private nga feel. rag naa koy sariling space nga layo sa tanang distraction ug kasaba sa gawas nga maghatag og mas lalom nga pahulay sa akong lawas ug hunahuna. kung musaka ko didto murag signal na sa akong utok nga rest mode activated. Ang akong higdaanan kay humok og saktu kaayo sa akong comfort. Naa koy paborito nga unlan ug dili na ko mapulihan kay kabalo gyud ko unsaon sya pag-adjust para ma-perfect ang akong posisyon. Ang habol pod kay saktu ra kaayo, dili init kaayo og dili pod tungaw. Kung na'ko didto murag nawala tanang stress nga akong na-feel sa tibuok adlaw. Usahay dili pa gani ko kaabot og pila ka minuto, tulog na dayon ko. Nakatawa ko kay murag wala koy kalaban sa akong higdaanan. Dili ko maglisod ug pangita og tulog. Mura siyag ang maduol nako og kana nga comfort priceless gyud. Dili lang lawas ang makapahulay sa tulog kundi pati akong hunahuna kay maka-experience og reset nga makahatag og mas klaro nga pagtan-aw sa mga butang sa sunod nga adlaw. Kay kung kulang ko'g tulog, dali kaayo ko ma-confuse og dali ko ma-confuse og ma-overwhelm sa simple nga mga problema. Kung makamata ko human sa sakto nga tulog, lahi ra gyud ang akong energy kumpara sa napugos nga pahulay. Murag refresh akong utok og mas ready ko moatubang sa akong responsibilities. Mas maayo pod akong mood. Dili ko dali ma-irita ug mas productive ko sa akong pagtrabaho sa kompyuter. Mao nang makita gyud nako nga koneksyon sa pahulay og performance. kung maayo akong tulog, maayo pod akong adlaw. Mao nang dili ko magtipid sa pahulay kay kabalo ko nga mubawi ra siya sa akong output. Og kana nga realization, naka-help kaayo sa akong disiplina kay dili na ko mo guilty kungmagpahulay ko. Kabalo ko nga part siya sa proseso. Usahay kon mag-short nap ako mahimo, ginahimo na gyapon nako siya kay bisan gamay nga tulog, makahatag gyapon og dakong epekto sa akong pamati og energy level nga makapadayon nako sa akong mga buhaton nga dili ko kaayo kapoy o lutang. Dili kinahanglang taas permi ang tulog para ma-feel ang benefit. Ang importante kay quality. kung makakita kog chance nga makapahulay, ginagrab nako siya. Bisan 20 to 30 minutes lang, dako na kaayo og tabang. Murag mini reset siya sa akong system. ug human ana, mas energized na ko. Dili ko ganahan nga magpugos nga magpadayon kon dili na kaya kay kabalo ko nga mas maayo nga mohunong kadyot kaysa magpadayon nga walay focus. Mao nang flexible ko sa akong pagpahulay. Dili ko rigid nga kinahanglan always parehas. Ang importante kay maminaw ko sa akong lawas. Og kana nga awareness importante kaayo. Naa gyud pud ko'y disiplina nga likayan ang sobra sa paggamit sa phone. kung hapit na ko matulog kay kabalo ko nga ang kahayag sa screen makadisturbo sa akong tulog ug makapahinay sa akong pagkaantok nga usahay may mohinungdan nga ma delay ang akong pahulay bisan kapoy na kaayo ko. Mao nang ginabutang nako ang akong phone sa side ug dili na ko siya hilabtan. Dili ko ganahan nga mag-scroll hangtod maabtan kog alas kadlawon kay kabalo ko unsa epekto ana sa sunod nga adlaw.","Kung mangutan-a ka unsaon nako pagpahulay, simple ra gyud akong tubag, matulog. Kay para nako walay mas effective nga pahulay kundi ang paghatag gyud og saktong oras sa akong lawas ug hunahuna nga mo-reset pinaagi sa tulog nga limpyo og walay distractions. Dili ko anang daghang kaayo ritual nga komplikado kay nakitan nako nga kon kapoy ko, mas maayo nga direkta na lang ko moadto sa higdaanan ug mohatag og chance sa akong kakulihong nga mo-recover. Usahay ang uban mangita pa og laing laing paagi para mag-relax pero ako kay kabalo ko nga ang tulog gyud ang pinaka-epektibo. Kon kapoy na kaayo ko mata ug murag pugat na kong ulo, dili na ko magpugos nga magpadayon pa sa akong ginabuhat. Mao nang mohunong ko og ingon sa akong kakulihong nga okay na, pawaya na ta. Dili ko ganahan nga moabot sa punto nga mo-burn out ko kay kabalo ko nga lisod kaayo i-recover kon maabtan na ana. Mao nang proactive ko sa pagpahulay. Dili na ko ginab-gihulat nga grabe na kaayo ang kapoy. Kon feel na ko nga kinahanglan na, matulog na gyud ko. Og kana nga habit makahelp kaayo sa akong overall well-being kay ang tulog mo-gerecharge sa akong energy. Sa dihang magdesisyon ko nga matulog, dili na ko magduhaduha pa kay kabalo ko nga mas maayo nga sundon nako ang signal sa akong lawas kay pugson nako ang akong kakulihong nga magpabiling nga active bisan dili na kaya. Moadto ko sa akong higdaanan ug hinay-hinay nako ginapaningkamutan akong kakulihong aron mahimong komportable kaayo ang akong posisyon. Dili ko ganahan nga mahigda nga daghan pa ko ginahunahuna. Mao nang paningkamutan nako nga i-clear akong mind sa dili pa ko matulog. Usahay mag-deep breathing lang ko ara ma-relax akong lawas. Dili ko magdala og stress sa akong tulog kay kabalo ko nga maapektuhan na sa quality. Kon naakoy problema, ginabutang na ko siya sa later nga box sa akong utok kay ang pahulay, pahulay gyud. Na-conmindset na ang tulog, dili sayang nga oras kundi investment. Mao naginabalyu na ko siya. Og kon ready na gyud ko, paspas ra kaayo ko makatulog. Murag automatic shutdown akong system ug kana nga process simple pero effective kaayo. Ang akong lugbed kay dako kaayo og gusto akong pagpahulay kay tungod sa iyang ka-cozy ug ka-private nga feel. Nag-naakoy sariling space nga layo sa tanang distraction ug kasaba sa gawas nga maghatag og mas long nga pahulay sa akong lawas ug hunahuna. Kon mosa ka ko litaw, murag signal na sa akong utok nga rest mode activated. Ang akong higdaanan kay humok ug saktu kaayo sa akong comfort. Naakoy paborito nga unlan ug dili na ko mapulihan kay kabalo ra gyud ko unsa-unsa pag-adjust para ma-perfect ang akong posisyon. Ang hagol pod kay saktu ra kaayo, dili init kaayo ug dili pod tungaw. Kon ako litaw, murag nawala tanang stress nga akong na-feel sa tibuok adlaw. Usahay dili pa gani ko kaabot og pila ka minuto, tulog na dayon ko. Makatawa ko kay murag wala koy kalaban sa akong higdaanan. Dili ko maglisod pag-ita og tulog. Murag siya ang duol na ko og kana nga comfort priceless gyud. Dili lang lawas ang makapahulay sa tulog kundi pati akong hunahuna kay maka-experience og reset nga makahatag og mas klaro nga pagtan-aw sa mga butang sa sunod nga adlaw. Kay kon kulang ko'g tulog, dili kaayo ko ma-confuse og-- dali ko ma-confuse og ma-overwhelm sa simple nga mga problema. Kon makamatag ko man sa saktong nga tulog, lahi ra gyud ang akong energy kumpara sa napugos nga pahulay. Murag refresh akong utok og mas ready ko mo-atubang sa akong responsibilities. Mas maayo pod akong mood. Dili ko dali ma-irita ug mas productive ko sa akong pagtrabaho sa kompyuter. Mao nang makita gyud nako nga koneksyon sa pahulay og performance. Kon maayo akong tulog, maayo pod akong adlaw. Mao nang dili ko magtipid sa pahulay kay kabalo ko nga mubawi ra siya sa akong output. Og kana nga realization, naka-help kaayo sa akong disiplina kay dili na ko guilty ko magpahulay ko. Kabalo ko nga part siya sa proseso. Usahay kon mag-short nap ako mahimo, ginahimo na gyapon ko siya kay bisan gamay nga tulog, makahatag gyapon og dako nga epekto sa akong pamati og energy level nga makapadayon nako sa akong mga buhaton nga dili ko kaayo kapoy ulo tang. Dili kinahanglan taas permi ang tulog para ma-feel ang benefit. Ang importante kay quality. Kon makakita ko'g chance nga makapahulay, ginagrab na ko siya. Bisan twenty to thirty minutes lang, dako na kaayo og tabang. Murag mini-reset siya sa akong system. Og human ana, mas energized na ko. Dili ko ganahan nga magpugos nga magpadayon kon dili na kaya kay kabalo ko nga mas maayo nga mohunong kadyot kaysa magpadayon nga walay focus. Mao nang flexible ko sa akong pagpahulay. Dili ko rigid nga kinahanglan always parehas. Ang importante kay maminaw ko sa akong lawas. Og kana nga awareness importante kaayo. Naa gyud ko'y disiplina, nalikayan ang sobra sa paggamit sa phone. Kon hapit na ko matulog kay kabalo ko nga ang kahayag sa screen makadisturbo sa akong tulog ug makapahinay sa akong pagka-antok nga usahay may mohinungdan nga madali ang akong pahulay bisan kapoy na kaayo ko. Mao nang ginabutang na ko ang akong phone sa side ug dili na ko siya hilabtan. Dili ko ganahan nga mag-scroll lang taud maabtan ko alas kadlawon kay kabalo ko unsa epekto ana sa sunod nga adlaw.",0.12213740458015267,87,17,8,813,0.04218126543796314,82,87,53,5094
CEB_005,Cebuano,male,Philippines,English,Philippines - Visayan English,Linux,Mobile,100,25-34,True,native,002_003,20,"Ako gusto ko mobakasyon sa Sumaroy katong naay ginatawag nilang polar night ug katong dili mo gabii. Mao to akong ganahanng adtoang lugar dayon ga-snow man pud na didto dayon. Ganahan lagi ko molantaw sa katong northern green lights, tung aurora borealis. Ganahan ko maka-experience ato nga sinati. Na ako agi makit-an sa ko ang mga mata in personal. Mao na akong pangandoy nga bakasyonan ug usa pod dara ang Japan. Ganahan ko mag-adto Japan kay tungod sa hinindot pud kaayo ang mga lugar na didto, ang mga view nila ug ang ilahang bulkan nga katong sikat nga Mount Fuji.","Ako gusto ko mobakasyon sa Somaroy katong naay ginatawag nilang polar night ug katong dili mo gabii. Mao to akong ganahanng adtoang lugar dayon ga-snow man pud na didto dayon. Ganahan lagi ko molantaw sa katong Northern Green Lights, tung Aurora Borealis. Ganahan ko maka-experience ato nga sinati. Na ako agi makit-an sa ko ang mga mata in personal. Mao na akong pangandoy nga bakasyonan ug usa pod dira ang Japan. Ganahan ko mag-adto Japan kay tungod sa hinindot pud kaayo ang mga lugar na didto, ang mga view nila ug ang ilahang bulkan nga katong sikat nga Mount Fuji.",0.07,7,0,0,93,0.012259194395796848,7,0,0,564
CEB_005,Cebuano,male,Philippines,English,Philippines - Visayan English,Linux,Mobile,77,25-34,True,native,002_004,21,"Sa pagkakaron, wala ko gatulogan mahapon kay tungod sa ako ang trabaho, mahapnan ako pag-uli. Ug dili wala gin ako na naandan nga matulog matag-hapon kay tungod kay daghan na gig kog mga himuonon, labi na sa mga pagpangita kwarta ug sa mga trabaho-onon diri sulod balay. Ug sama ana sa mahapon, magduwa man kog basketball sa una pero karon dili na kaayo kay magsugat naman kog estudyante nako, akong anak nga nag-eskwela matag-hapon. Ug maora kina","Sa pagkakaron, wala ko gatulogan mahapon kay tungod sa ako ang trabaho, mahapyan ako pag-uli. Ug dili wala gin ako na naandan nga matulog matag-hapon kay tungod kay daghan ag ikog mga himuonon, labi na sa mga pagpangita kwarta ug sa mga trabahoonon diri sulod balay. Ug sama ana sa mahapon, magduwa man kog basketball sa una pero karon dili na kaayo kay magsugat naman kog estudyante nako, akong anak nga nagskweela matag-hapon. Ug maora kina",0.07792207792207792,5,1,0,71,0.02237136465324385,3,6,1,438
CEB_005,Cebuano,male,Philippines,English,Philippines - Visayan English,Linux,Mobile,102,25-34,True,native,002_005,22,"Mobisita ako sa akong pariente kung adunay mga hilabihan nga mga kalit nga panghitabo, labi na sa mga naay mga sakit ug sa mga panahon nga kanang magsilibrar sa ilahang mga birthday ba or mga naay kalingawan sa ilahang panimalay. Mabisita kami kay imbentahan man kami sa among mga pariente. Aron kami magkahiusa ug magsaulog sa ilang mga nindot nga naabot sa ilang kinabuhi. Ug usab pod ni ana kay sa uban namong pariente nga para sa nang nagmasakit, amoanang duawon para pagkumusta sa iyahang kalagayan ug okay ra ba siya, kumusta ang iyahang gipangbatyag sa iyang panglawas ug maora ka na.","Mobisita ako sa akong pariente kung adunay mga hilabihan nga mga kalit nga panghitabo, labi na sa mga naay mga sakit ug sa mga panahon nga kanang magsilibrar sa ilahang mga birthday ba or mga naay kalingawan sa ilahang panimalay. Mobisita kami kay imbentahan man kami sa among mga pariente. Aron kami magkahiusa ug magsaulog sa ilang mga nindot nga naabot sa ilang kinabuhi. Ug usapod ni ana kay sa uban namong pariente nga para sa nang nagmasakit, amoanang duawon para pagkumusta sa iyahang kalagayan ug okey ra ba siya, kumusta ang iyahang gipangbatyag sa iyang panglawas ug maora kina.",0.058823529411764705,4,2,0,96,0.01015228426395939,3,3,0,585
CEB_005,Cebuano,male,Philippines,English,Philippines - Visayan English,Linux,Mobile,72,25-34,True,native,002_006,23,"Ang akong buhaton, bastag matag ulan, mag-init og tubig, magtimpla og kape, ug sayran ang nindot nga pag-ulan sulod sa among panimalay samtang nag-inom og kape kay tungod kay tugnaw. Ug sa uban pang bahin, mas nindot matulog basa mag-ulan. Usahay makatulog pog ko og depende sa sitwasyon, makatulog og magtig-ulan. Og siyempre mangandam sa mga kalit nga mga pagbaha sa palibot, pagbaha, pagdulhog sa mga yuta ug magbinantayon sa matag higayon","Ang akong buhaton, mastag matag ulan, mag-init og tubig, magtimpla og kape, ug sayran ang lindot nga pag-ulan sulod sa among panimalay samtang nag-inom og kape kay tungod kay tugnaw. Ug sa uban pang bahin, [clears throat] mas lindot matulog basa mag-ulan. Usahay makatulog pog ko og depende sa sitwasyon, makatulog og magtig-ulan. Og siyempre mangandam sa mga kalit nga mga pagbaha sa palibot, pagbaha, pagdulhog sa mga yuta ug magpinantayon sa matag higayon",0.08333333333333333,4,0,2,68,0.04524886877828054,4,0,16,438
CEB_005,Cebuano,male,Philippines,English,Philippines - Visayan English,Linux,Mobile,133,25-34,True,native,002_007,24,"Giunsa nako pagluto ang manok? Una akoa kining gihugasan ang iyang karne, gikuhaan og-- gi-slice, giputol-putol nako ang iyahang mga body, mga body parts. Dayon ako a kining gipabukalan aron mohumok ang iyahang karne. Sunod, nag-s-- naghiwa nakog mga lamas, ahos, bumbay. Dayon ako ana kining gitak-ang aron gisahon. Pagkahuman niini, gigisal na nako ang lamas, ang ahos, bumbay sa mantika nga init. Pagkahuman niini, ako a kining gilunod na ang karne sa manok ug gigisal maayo, giukay sa-- gamit ang luwag hangtod sa molapot kini. Ug gibutangan na nako og mga patis ug mga timpla, asin ug uban pang mga galamiton nga lamas. Pagkahuman niini, gitakloban kini og taklob sa kalaha aron mopadayon pa og paghumok ug pabukalan sa sulod sa 20 ka minutos. Human niini, pwede na kini siyang kaon-- kaonon.","Giunsa nako pagluto ang manok? Una ako a kining gihugasan ang iyang karne, gikuhaan og-- gi-slice, giputol-putol nako ang iyahang mga body, mga body parts. Dayon ako a kining gipabukalan aron mohumok ang iyahang karne. Sunod, nag-s-- naghiwa nakog mga lamas, ahos, bombay. Dayon ako ana kining gitak-ang aron gisahon. Pagkahuman niini, gigisal na nako ang lamas, ang ahos, bombay sa mantika nga init. Pagkahuman niini, ako a kining gilunod na ang karne sa manok ug gigisal maayo, giukay sa gamit ang luwag hangtod sa molapot kini. Ug gibutangan na nako og mga patis ug mga timpla, asin ug uban pang mga galamiton nga lamas. Pagkahuman niini, gitakloban kini og taklob sa kalaha aron mopadayon pa og paghumok ug pabukalan sa sulod sa 20 ka minutos. Human niini, pwede na kini siyang kaon, kaonon.",0.045112781954887216,5,0,1,128,0.00878293601003764,3,3,1,791
CEB_005,Cebuano,male,Philippines,English,Philippines - Visayan English,Linux,Mobile,90,25-34,True,native,002_008,25,"Oo, kabalo ko mo momaniho gamit ang motor. Dugay na kong ga maniho og motor sukad pa atong 2015. Nakatrabaho sad ko og panghabal-habal, kanang manghatod og pasahero gamit ang motor sa sulod sa dimo ubos sa duha ka tuig. Kini akong pangita niadtong 2018 hangtod 2019. Mao nang kabalo gyud ko mo manihog motor kay sukad pa sa 2015 ga-drive-drive na ko atong motor. Hangtod karon mao pud ni akong ginagamit sa pag-- panginabuhi, ang pag-drive og motor, aron paghatod sa mga produkto sa ako ang mga suking tindahan.","Oo, kabalo ko mo manihio gamit ang motor. Dugay na kong ga manihio og motor sukad pa atong 2015. Nakatrabaho sad ko og pang-habal-habal, kanang maghatod og pasahero gamit ang motor sa sulod sa dimo ubos sa duha ka tuig. Kini akong pangita niadtong 2018 hangtod 2019. Mao nang kabalo jud ko mo manihog motor kay sukad pa sa 2015 ga-drive-drive na ko atong motor. Hangtod karon mao pud ni akong ginagamit sa pag-- panginabuhi, ang pag-drive og motor, aron paghatod sa mga produkto sa ako ang mga suking tindahan.",0.05555555555555555,5,0,0,85,0.015655577299412915,1,4,3,506
CEB_015,Cebuano,female,Philippines,English,Philippines - Filipino English (Manila),Windows,Desktop,706,35-44,True,native,002_009,26,"Ganahan ko og modula og video games, labi na kung naa ako'y libre nga oras. Para nako, ang video games usa ka nindot nga paagi sa pag-relax o paglingaw-lingaw human sa usa ka kapoy nga adlaw. Kung daghan ko og trabaho ug buluhaton, usahay ganahan ko nga makapahuway sa makadyot pinaagi sa pagdula, bisan gamay nga oras lang. Makatabang kini nga ma-refresh ang akong hunahuna ug mabalik ang akong energy. Ganahan ko sa lain-laing klase sa video games. Adunay actions games, adventure games, racing games, sport games, strategy games ug puzzle games. Depende sa akong mood, magpili ka og games nga akong malingawan. Kung gusto ko og excitement, ganahan ko og action o adventure. Kung gusto ko nga relax lang, mas ganahan ko og simple nga racing o casual games. Usa akong ganahan sa video games kay adunay nga challenge. Dili pirmi sayon ang mga lebel mao nga kinahanglan ko manghunahuna og magplano unsaon ako paghuman sa misyon kung mapildi ko. Usahay akong sulayan og lisod nga lebel tungod kay makita nako nga ang akong pasensya ug paningkamot adunay resulta. Ganahan pod ko sa mga games nga adunay istorya. Kung maayo ang storyline, mas maengganyo ko nga ipadayon ang duwa. Ganahan ko makaila sa mga karakter, makasulbad sa mga problema ug makakita kaunsay mahitabo sa katapusan. Para nako, murag kombinasyon kini sa pagtan-aw og salida ug pag-apil mismo sa istorya. Nindot pod ang multiplayer games kay mahimong ko modula uban sa akong mga higala. Kung magkuyog mi sa usa ka games, mas malingaw ko kay mahimo mi magtinabangay o mag- kompetisyon. Kung team game, importante komunikasyon ug teamwork. Kinahanglan maminaw sa suggestion sa uban ug dili puro kaong lingog gusto ang sundon. Usahay bisan mapildi mi, malingaw gihapon mi tungod sa mga funny nga nahitabo samtang nagdula. Nay mga unexpected nga pahinabo nga makapatawa sa tibuok grupo. Para nako, mao kini ang usa sa mga nindot nga memorya sa gaming. Dili pirmi kinahanglan modaog aron malingaw. Usahay ang bonding ug katawa mas importante pa. Ang video games makatabang pod sa pag-practice sa pagpila sa skills. Ang strategy games makatabang sa pagplano ug pagdesisyon. Ang puzzle games makapa-exercise sa problem-solving skills. Ang multiplayer games makatabang sa komunikasyon ug teamwork. Busa bisan entertainment ang video games, adunay mga butang mga mahimong makatunan niini. Pero para nako importante kaayo ang pag-kontrol sa oras sa pagdula. Dili maayo nga magduwa ko tibuok adlaw ug kalimtan ang trabaho o uban pang responsibilidad. Kung naa koy importante nga buluhaton, akong unahoon kini. Human nako mahuman ang akong trabaho, mahimo na ko magdula isip reward ug relaxation. Kung dugay na ko nagdula, mo-break pod ko, mobarog ko, mag-stretching, mainom og tubig ug mapulhuhuy sa akong mata. Dili maayo nga pirmi maglingkod sa dugay nga panahon. Importante nga adunay balance tali sa gaming, trabaho, ehersisyo, tulog ug oras uban sa pamilya. Ganahan pod ko magdula kung naay ko libre nga weekend. Kung wala koy daghang responsibilidad, mas magamtam ko sa game. Mahimo ko magdula sa buntag o hapon. Ug kung kapoy na, mahunong ko ug maghimo og lang activity. Dili na ko gusto nga mahimong sobra ang gaming kay gusto gihapon nako nga adunay oras para sa uban akong interes. Para nako, ang video games usa ka hobby nga makatabang sa pag-relax. Kung stressful ang adlaw, usahay kinahanglan pod nato og panahon nga malingaw ug makalimot gamay sa problema. Ang importante lang kay dili nato gamiton ang gaming aron likayan pirmi ang atong responsibilidad. Mas maayo kung gamiton kini isip usa ka healthy nga paagi sa pagpahuway. Kung adunay bag-ong games nga interesting ganahan ko mosulay kung naa koy panahon. Usahay mangutana ko sa akong mga higala kung unsa ilang ganahan nga games. Makalingaw pod ang akong pag-discubre og bag-ong game ug pagkat-on sa rules niini. Sa sinugdaanan, mahimong lisod pero kung naanad ka, mas malingaw ko. Sa akong experience, ang pinakanindot nga bahin sa games dili ang pagdaog. Para nako importante usab ang experience, ang challenge, ang istorya ug ang mga tawo nga akong kauban. Kung makadula ko uban sa mga higala, mahimo kini ang bonding moment ug mahimong memorya nga among mahinumduman sa maabot. Sa katapusan, og ganahan ko modula og video games, ganahan ko niini tungod kay makahatag kini og kalipay.","Ganahan ko og mudula og video games, labi na kung naa ako'y libre nga oras. Para nako, ang video games usa ka nindot nga paagi sa pag-relax o paglingaw-lingaw human sa usa ka kapoy nga adlaw. Kung daghan ko og trabaho ug buluhaton, usahay ganahan ko nga makapahuway sa makadyot pinaagi sa pagdula, bisan gamay nga oras lang. Makatabang kini nga ma-refresh ang akong hunahuna ug mabalik ang akong energy. Ganahan ko sa lain-laing klase sa video games. Adunay actions games, adventure games, racing games, sport games, strategy games ug puzzle games. Depende sa akong mood, magpili ka og games nga akong malingawan. Kung gusto ko og excitement, ganahan ko og action o adventure. Kung gusto ko nga relax lang, mas ganahan ko og simple nga racing o casual games. Usa akong ganahan sa video games kay adunay nga challenge. Dili pirmi sayon ang mga lebel mao nga kinahanglan ko manghunahuna og magplano unsa'n nako paghuman sa misyon kung mapildi ko. Usahay akong sulayan og lisod nga lebel tungod kay makita nako nga ang akong pasensya ug paningkamot adunay resulta. Ganahan pod ko sa mga games nga adunay istorya. Kung maayo ang storyline, mas maengganyo ko nga ipadayon ang duwa. Ganahan ko makaila sa mga karakter, makasulbad sa mga problema ug makakita ka unsa'y mahitabo sa katapusan. Para nako, murag kombinasyon kini sa pagtan-aw og salida ug pag-apil mismo sa istorya. Nindot pod ang multiplayer games kay mahimong ko mudula uban sa akong mga higala. Kung magkuyog mi sa usa ka games, mas malingaw ko kay mahimo mi magtinabangay o mag- kompetisyon. Kung team game, importante komunikasyon ug teamwork. Kinahanglan maminaw sa suggestion sa uban ug dili puro kaong lingog gusto ang sundon. Usahay bisan mapildi mi, malingaw gihapon mi tungod sa mga funny nga nahitabo samtang nagdula. Nay mga unexpected nga pahinabo nga makapatawa sa tibuok grupo. Para nako, mao kini ang usa sa mga nindot nga memorya sa gaming. Dili pirmi kinahanglan mudaog aron malingaw. Usahay ang bonding ug katawa mas importante pa. Ang video games makatabang pod sa pag-practice sa pagpila sa skills. Ang strategy games makatabang sa pagplano ug pagdesisyon. Ang puzzle games makapa-exercise sa problem solving skills. Ang multiplayer games makatabang sa komunikasyon ug teamwork. Busa bisan entertainment ang video games, adunay mga butang mga mahimong makatunan niini. Pero para nako importante kaayo ang pag-kontrol sa oras sa pagdula. Dili maayo nga magduwa ko tibuok adlaw ug kalimtan ang trabaho o uban pang responsibilidad. Kung naa koy importante nga buluhaton, akong unahon kini. Human nako mahuman ang akong trabaho, mahimo na ko magdula isip reward ug relaxation. Kung dugay na ko nagdula, mo-break pod ko, mobarog ko, mag-stretching, mainom og tubig ug mapulahuway sa akong mata. Dili maayo nga pirmi maglingkod sa dugay nga panahon. Importante nga adunay balance tali sa gaming, trabaho, ehersisyo, tulog ug oras uban sa pamilya. Ganahan pod ko magdula kung nay ko libre nga weekend. Kung wala koy daghang responsibilidad, mas magamtam ko sa game. Mahimo ko magdula sa buntag o hapon, ug kung kapoy na, mahunong ko ug maghimo og lang activity. Dili na ko gusto nga mahimong sobra ang gaming kay gusto gihapon nako nga adunay oras para sa uban akong interes. Para nako, ang video games usa ka hobby nga makatabang sa pag-relax. Kung stressful ang adlaw, usahay kinahanglan pod nato og panahon nga malingaw ug makalimot gamay sa problema. Ang importante lang kay dili nato gamiton ang gaming aron likayan pirmi ang atong responsibilidad. Mas maayo kung gamiton kini isip usa ka healthy nga paagi sa pagpahuway. Kung adunay bag-ong games nga interesting ganahan ko mosulay kung naa koy panahon. Usahay mangutana ko sa akong mga higala kung unsa ilang ganahan nga games. Makalingaw pod ang akong pag-diskubre og bag-ong game ug pagkat-on sa rules niini. Sa sinugdaanan, mahimong lisod pero kung naanad ka, mas malingaw ko. Sa akong experience, ang pinakanindot nga bahin sa games dili ang pagdaog. Para nako importante usab ang experience, ang challenge, ang istorya ug ang mga tawo nga akong kauban kon makadula ko uban sa mga higala. Mahimo kini ang bonding moment ug mahimong memorya nga among mahinumduman sa maabot. Sa katapusan, og ganahan ko mudula og video games, ganahan ko niini tungod kay makahatag kini og kalipay.",0.028328611898016998,18,0,2,688,0.005335189051264208,15,4,4,4292
CEB_015,Cebuano,female,Philippines,English,Philippines - Filipino English (Manila),Windows,Desktop,675,35-44,True,native,003_001,27,"Akong paningkamutan nga adunay balanse ug hapsay nga lifestyle. Para naku dili kinahanglan nga komplikado ang pag-atiman sa panglawas. Ang importante kay adunay disiplina sa pagkaon, paghil-lihok sa lawas, pagpahulay ug paglikay sa mga bisyo, mga makadaot sa lawas. Una sa tanan, akoang ampingan ang pagkaon. Ganahan ko nga mokaon og nga pagkaon nga adunay sustansya sama sa gulay, prutas, isda, itlog ug uban pang pagkaon nga makatabang sa lawas. Dili ko gusto nga pirmi puro fast food, instant noodles o mga pagkaon nga sa taas og asukal ug mantika. Mahimo sa gihapon ko mokaon nini usahay pero akong paningkamutan nga dili sobra. Importante usab para naku ang pag-inom og igo nga tubig. Kung busy ka sa trabaho o daghan ko gibuhat, usahay makalimot ko sa pag-inom. Mao nga ang akong paningkamutan nga pirmi adunay tubig duol naku. Ang tubig importante aron dili dali ma-hydrate ang lawas ug aron maayong akong paminaw sa tibuok adlaw. Ikaduha, akong paningkamutan ang mak-- kanunay makahiloklihok. Dili kinahanglan nga pirmi ko moadto sa gym. Mahimo ra nga maglakaw-lakaw nga stretching, maglimpyo sa balay, mosaka ug manaog sa hagdanan o maghimo og simple nga ehersisyo. Kung adunay panahon, ganahan ko nga maglakaw sa buntag o hapon aron ma-exercise ang lawas ug magpakahulay usab ang hunahuna. Ang regular nga paglihok makatabang nga dili pirmi maglingkod o magpundo labi na kung dugay ko magtrabaho gamit ang kompyuter o cellphone. Akong paningkamutan nga mabuagag og molihok-lihok matag karon og unsa bisan papila ka minuto nga pag-stretching makatabang aron dili kaayo kapuyon ang lawas. Ikatulo, importante kaayo ang igo nga katulog. Kung kulang ko og tulog, dali ko kapuyon og usahay dili sud ko makafokus. Busa akong paningkamutan nga adunay regular nga oras sa pagtulog ug pagmata. Sa dili sa pagmatulog, akong likayan ang sobra sa paggamit sa cellphone aron mas dali makapahulay ang akong hunahuna. Ginaatiman pod nako ang akong mental ug emotional health. Dili lang man gud ang lawas ang kinahanglan atimuanon. Kung estres ko, akong hatagan og panahon ang akong kaugalingon nga paupahaway. Mahimo kong magstorya sa pamilya o mga higala, maminaw og music, motan-aw og makahalingaw ang sarida o magpahilum sa makadyot aron ma-organize ang akong hunahuna. Kung adunay daghang problema, dili na ko gusto nga ako ra tanan magdala. Kung kinahanglan magstorya ko sa usa ka tawo nga akong kasaligan. Para nako importante nga makagawas ang sa akong gibati ug dili pirmi itago ang stress. Ang maayong mental health adunay dakong epekto sa atong adlaw-adlaw nga kinabuhi. Importante usab ang personal hygiene. Kanunay ko manghugas ko sa akong mga kamot, maligo, magsipilyo sa ngipon ug magilis og limpyo nga sinina. Akong paningkamutan nga limpyo usab ang akong palibot ilabina ang kwarto na lugar dili ko kanunay magpuyo o magtrabaho. Kung adunay gibati nga dili maayo sa lawas nga dili mawala, importante usab nga dili kini pagsagdan. Mas maayo nga mangayo og tambagan gikan sa health professional kung gikinahanglangan. Para nako mas maayo ang pag-atiman sa lawas og pagpangita og tabang sa sayo kaysa paghulat nga mosamot pa ang problema. Likayan pod nako ang mga bisyo ug mga batasan nga makadaot sa lawas. Kung mahimo, dili ko manigarilyo ug dili ko magpasobra sa mga butang nga himong makadaot sa panglawas. Para nako mas maayo ang manghimo sa maayong batasan karon kaysa magbasol sa umabot. Gusto pod ko og adunay balanse sa trabaho ug pahulay. Usahay kung magdaghan kaayo og trabaho, makalimot nga kinahanglan pod diay paupay. Mao nga akong paningkamutan nga adunay oras para sa trabaho, pamilya, personal nga panahon ug tulog. Dili maayo nga pirmi lang magtrabaho nga wala'y saktong pahulay sa akong adlaw-adlaw nga rutina. Akong paningkamutan nga magsugod sa adlaw nga adunay mga batasan. Mahimo og pagpanaw sa buluhaton kung adunay higayon. Maglihok-lihok ka aron dili maglingkod sa udto. Akong bantayan ang akong pagkaon ug likayan ang sobra sa pag-- mga pagkaon. Human sa trabaho o mga buluhaton, akong hatagan og panahon ang akong paningkamutan nga dili kaayo magpuyat sa andomon ang akong kaugalingon alang sa maayong tulog. Para nako ang pagpiling himsog dili usa sa kabutang-","Akong paningkamutan nga adunay balanse ug hapsay nga lifestyle. Para naku dili kinahanglan nga komplikado ang pag-atiman sa panglawas. Ang importante kay adunay disiplina sa pagkaon, paghil-lihok sa lawas, pagpahulay ug paglikay sa mga bisyo, mga makadaot sa lawas. Una sa tanan, akongampingan [laughs] ang pagkaon. Ganahan ko nga mokaon og nga pagkaon nga adunay sustansya sama sa gulay, prutas, isda, itlog ug uban pang pagkaon nga makatabang sa lawas. Dili ko gusto nga pirmi puro fast food, instant noodles o mga pagkaon nga sa taas og asukal ug mantika. Mahimo sa gihapon ko mokaon nini usahay pero akong paningkamutan nga dili sobra. Importante usab para naku ang pag-inom og igo nga tubig. Kung busy ka sa trabaho o daghan ko gibuhat, usahay makalimot ko sa pag-inom. Mao nga ang akong paningkamutan nga pirmi adunay tubig duol nako. Ang tubig importante aron dili dali ma-hydrate ang lawas ug aron maayong akong paminaw sa tibuok adlaw. Ikaduha, akong paningkamutan ang mak-kanumaig, makahiloklihok. Dili kinahanglan nga pirmi ko moadto sa gym. Mahimo ra nga maglakaw-lakaw nga stretching, maglimpyo sa balay, mosaka ug manaog sa hagdanan o maghimo og simple nga ehersisyo. Kung adunay panahon, ganahan ko nga maglakaw sa buntag o hapon aron ma-exercise ang lawas ug magpakahulay usab ang hunahuna. Ang regular nga paglihok makatabang nga dili pirmi maglingkod o magpundo labi na kung dugay ko magtrabaho gamit ang kompyuter o cellphone. Akong paningkamutan nga mabuarag ug molihok-lihok matag karon og unsa bisan papila ka minuto nga pag-stretching makatabang aron dili kaayo kapuyon ang lawas. Ikatulo, importante kaayo ang igo nga katulog. Kung kulang ko og tulog, dali ko kapuyon ug usahay dili sud ko makafokus. Busa akong paningkamutan nga adunay regular nga oras sa pagtulog ug pagmata. Sa dili sa pagmatulog, akong likayan ang sobra sa paggamit sa cellphone aron mas dali makapahulay ang akong hunahuna. Ginaatiman pod nako ang akong mental ug emotional health. Dili lang man gud ang lawas ang kinahanglan atimuanon. Kung estres ko, akong hatagan og panahon ang akong kaugalingon nga paupahuy. Mahimo kong magstorya sa pamilya o mga higala, mamino og music, motan-aw og makahalingaw ang sarida o magpahilom sa makadyot aron ma-organize ang akong hunahuna. Kung adunay daghang problema, dili na ko gusto nga ako ra tanan magdala. Kung kinahanglan magstorya ko sa usa ka tawo nga akong kasaligan. Para nako importante nga makagawas ang sa akong gibati ug dili pirmi itago ang stress. Ang maayong mental health adunay dakong epekto sa atong adlaw-adlaw nga kinabuhi. Importante usab ang personal hygiene. Kanunay ko manghugas ko sa akong mga kamot, maligo, magsipilyo sa ngipon ug magilis og limpyo nga sinina. Akong paningkamutan nga limpyo usab ang akong palibot ilabina ang kwarto na lugar dili ko kanunay magpagpuyo o magtrabaho. Kung adunay gibati nga dili maayo sa lawas nga dili mawala, importante usab nga dili kini pagsagdan. Mas maayo nga mangayo og tambagan gikan sa health professional kung gikinahanglan. Para nako mas maayo ang pag-atiman sa lawas ug pagpangita og tabang sa ayo kaysa paghulat nga mosamot pa ang problema. Likayan pod nako ang mga bisyo ug mga batasan nga makadaot sa lawas. Kung mahimo, dili ko manigarilyo ug dili ko magpasobra sa mga butang nga himong makadaot sa panglawas. Para nako mas maayo ang manghimo sa maayong batasan karon kaysa magbasol sa umabot. Gusto pod ko og adunay balanse sa trabaho ug pahulay. Usahay kong magdaghan kaayo og trabaho, makalimot nga kinahanglan pod niyay pauhay. Mao nga akong paningkamutan nga adunay oras para sa trabaho, pamilya, personal nga panahon ug tulog. Dili maayo nga pirmi lang magtrabaho nga wala'y saktong pahulay sa akong adlaw-adlaw nga rutina. Akong paningkamutan nga magsugod sa adlaw nga adunay mga batasan. Mahimo og pagpanaw sa buluhaton kung adunay higayon. Maglihok-lihok ka aron dili maglingkod sa udto. Akong bantayan ang akong pagkaon ug likayan ang sobra sa mga pagkaon. Human sa trabaho o mga buluhaton, akong hatagan og panahon ang akong paningkamutan nga dili kaayo magpuyat sa andomon ang akong kaugalingon alang sa maayong tulog. Para nako ang pagpiling himsog dili usa ka butang-",0.03111111111111111,19,2,0,654,0.01143674052894925,14,19,15,4164
CEB_015,Cebuano,female,Philippines,English,Philippines - Filipino English (Manila),Windows,Desktop,609,35-44,True,native,003_002,28,"Ganahan kaayo ko magkatawa ka-kay para nako ang katawa usa sa pinakasahiun nga paagi aron mahimong mas gaan ang akong gibati. Kung kapoy ko gikan sa trabaho ug gikan sa usa ka taas nga adlaw, ganahan ko nga maki- makigstorya sa akong pamilya o mga higala ug maghisgot og makatawanan nga pahingabo, bisan gamay lang nga joke o funny nga istorya. Makatabang na ini nga mawala ang stress ug makapahimo sa akong mood nga mas maayo. Kasagaran makatawa kaadunay kong makauban nga maayo og jokes o kanang tawo nga natural nga kay mangaw. Usahay dili kinahanglan nga plan ang katawa. Pananglitan, kung matagapok mi, akong mga higala, adunay galit mosulti og funny nga comment ug tanan dayon mokatawa. Para nako mas nindot ang ingon ana katawa kay natural ug gikan gyud sa as-- sa moment. Ganahan pod ko motan-aw og mga comedy videos, funny nga salida ug mga short videos sa social media. Kung makakita ko og usa ka butang nga makalingaw usahay akong ipaambit sa akong pamilya o mahigala aron makatawa pod sila. Mas nindot man gud kung dili ikaw ra makalingaw kondili malingaw pod ang mga tawo nga imong kauban. Kung adunay problema o stress, dili pasabot nga kinahanglan pirmi seryoso ang tanan. Usahay ang gamay nga katawa makatabang nga mas dali nato maatubang ang usa ka lisod nga sitwasyon. Dili man ni-niini dayon masulbad ang problema pero makatabang kini nga makapabuhay gamay ang atong hunahuna ug dili kaayo bug-at ang atong gibati. Ganahan pod ko nga makatawa uban sa akong pamilya. Kung na misabalay ug adunay funny nga nahitabo, nahimo mi magstorya ug magbinoang gamay. Ang ingon nga mga higayon importante para nako kay dili lang kini makatagod kalipay apan makapalig-on pod as among relasyon. Bisan simple ra nga konbersasyon, kung adunay katawa mahimong mga espesyal ordinaryong adlaw. Sa mga higala pod, ang katawa usa sa mga butang nga makapalig-on sa friendship. Kung dugay sa mga mamagkaila, kasagaran na namuy mga jokes ug mga funny memories nga ra among ra ang makasabot. Usahay basta mahi- mahimud-duman ninyo ang usa ka karaang panghitabo, mokatawa's na lang mo bisan dugay na kay ni mahitabo. Ganahan ko na mga tawo nga positibo ug adunay maayong sense of humor. Dili kinahanglan nga pirmi silang mag-joke pero nindot nga na silay abilidad nga makakita og kalipay bisan sa ordinaryong mga butang. Para nako ang tawo nga makapagpatawa sa uban, makahatag og maayong enerhiyan usa ka grupo pero para nako importante usab nga kabalo tako kanos- kanus-angay makatawa dili tanan nga sitwasyon. Ang ay himuong joke labi na kung adunay tawo nga nasakitan o adunay seryosong problema. Ang maayong sense of humor kinahanglan adunay respeto. Dapat makalingaw kini nga dili makapasakit o makapakpulaw sa uban. Kung adunay tawo nga naguol, usahay dili kinahanglan nga daghang kaayo og tambang. Mahimo nga makipag-uban lang ta, kanhiyak, makigstorya ug kung angay maghatag og gamay nang katawa aron maminusan ang aking kabug-at. Importante nga masabtan nak-nato ang iyang gibati ug dili nato pugson nga magtagkatawa kon dili pa siya andam. Para nako, ang katawa usa ka simple pero importante nga bahin sa adlaw-adlaw nga kinabuhi. Dili kini kinahanglan mahal o komplikado. Mahimo ra kini mahitabo samtang nagkaon uban sa pamilya, nagstorya sa higala, nagtan-aw og video o nag-higdumdom sa usa ka funny nga panghitabo. Sa katapusan, oo, gaganahan kaayo ko makatawa. Gusto nako nga adunay panahon sa paglingaw-lingaw bisan sa paog daghan og responsibilidad sa kinabuhi. Para nako ang katawa makatabang sa pagkalma sa hunahuna, pagminos sa stress ug pagpalig-on og relasyon sa pamilya ug sa mga higala. Busa kung adunay higayon, mga katawa kong pag-himuslaan kini ang ipambit maayong enerhiyan sa mga tawo agong kauban.","Ganahan kaayo ko magkatawa ka-kay para nako ang katawa usa sa pinakasaayon nga paagi aron mahimong mas gaan ang akong gibati kon kapoy ko gikan sa trabaho ug gikan sa usa ka taas nga adlaw. Ganahan ko nga maki-makigstorya sa akong pamilya o mga higala ug maghisgot og makatawanan nga pahingabo, bisan gamay lang nga joke o funny nga istorya. Makatabang na ini nga mawala ang stress ug makapahimo sa akong mood nga mas maayo. Kasagaran makatawa kon adunay kon kauban nga maayo og jokes o kanang tawo nga natural nga kay mangaw. Usahay dili kinahanglan nga plan ang katawa. Pananglitan, kon matagapok mi, akong mga higala, adunay galit mosulti og funny nga comment ug tanan dayon mokatawa. Para nako mas lindot ang ingon ana katawa kay natural ug gikan gyud sa-sa moment. Ganahan pod ko motan-aw og mga comedy videos, funny nga salida ug mga short videos sa social media. Kon makakita ko og usa ka butang nga makalingaw usahay akong ipaambit sa akong pamilya o mahigala aron makatawa pod sila. Mas lindot man gud kon dili ikaw ra makalingaw kon dili malingaw pod ang mga tawo nga imong kauban. Kon adunay problema o stress, dili pasabot nga kinahanglan pirmi seryoso ang tanan. Usahay ang gamay nga katawa makatabang nga mas dali nato maatubang ang usa ka lisod nga sitwasyon. Dili man ni-niini dayon masulbad ang problema pero makatabang kini nga makapabuhay gamay ang atong hunahuna ug dili kaayo bug-at ang atong gibati. Ganahan pod ko nga makatawa uban sa akong pamilya kon na misabalay ug adunay funny nga nahitabo, nahimo, mi magstorya ug magbinoang gamay. Ang ingon nga mga higayon importante para nako kay dili lang kini makatagod kalipay apan makapalig-on pod sa among relasyon. Bisan simple ra nga konbersasyon kon adunay katawa mahimong mga espesyal ordinaryong adlaw. Sa mga higala pod, ang katawa usa sa mga butang nga makapalig-on sa friendship. Kon dugay sa mga magkakila, kasagaran na na may mga jokes ug mga funny memories nga ra among ra ang makasabot. Usahay basta mahi-mahimoduman ninyo ang usa ka karaang panghitabo, mokatawa's na lang mo bisan dugay na kay ini mahitabo. Ganahan ko na mga tawo nga positibo ug adunay maayong sense of humor. Dili kinahanglan nga pirmi silang mag-joke pero lindot nga na silay abilidad nga makakita og kalipay bisan sa ordinaryong mga butang. Para nako ang tawo nga makapagpatawa sa uban, makahatag og maayong enerhiyan usa ka grupo pero para nako importante usab nga kabalo tako kanos angay makatawa dili tanan nga sitwasyon. Ang ahimoong joke labi na kon adunay tawo nga nasakitan o adunay seryosong problema. Ang maayong sense of humor kinahanglan adunay respeto. Dapat makalingaw kini nga dili makapasakit o makapapula sa uban. Kon adunay tawo nga nagool, usahay dili kinahanglan nga daghang kaayo og tambang. Mahimo nga makipag-uban lang ta kanhi, makigstorya ug kon angay maghatag og gamay nang katawa aron maminusan ang aking kabug-at. Importante nga masabtan nak-nato ang iyang gibati ug dili nato pugsoon nga maktag katawa kon dili pa siya andam. Para nako ang katawa usa ka simple pero importante nga bahin sa adlaw-adlaw nga kinabuhi. Dili kini kinahanglan mahal o komplikado. Mahimo ra kini mahitabo samtang nagkaon uban sa pamilya, nagstorya sa higala, nagtan-aw og video o naghigdumdom sa usa ka funny nga panghitabo. Sa katapusan, oo gaganahan kaayo ko makatawa. Gusto nako nga adunay panahon sa paglingaw-lingaw bisan sa paog daghan og responsibilidad sa kinabuhi. Para nako ang katawa makatabang sa pagkalma sa hunahuna, pagbino sa stress ug pag 살인 og relasyon sa pamilya ug sa mga higala. Busa kon adunay higayon, mga katawa kong paghimuslaan kini ang ipambit maayong enerhiyan sa mga tawo agong kauban.",0.09523809523809523,48,5,5,556,0.02608929532006455,32,55,10,3631
CEB_015,Cebuano,female,Philippines,English,Philippines - Filipino English (Manila),Windows,Desktop,615,35-44,True,native,003_003,29,"Ang akong unang trabaho ug ang akong unang adlaw sa trabaho usa ka kasinatian nga dili gyud nako malimtan sa unang adlaw. Natural lang nga medyo kulbaan ko kay bag-o pa ang lugar, bag-o ang mga tawo nga akong kauban, wala pa akong kahalubilo kung unsad gyud ang dagan sa trabaho. Bisan pa ana, excited pod ko kay bag-ong oportunidad kini para makat-on, makakuha og experience ug magpakita kung unsa akong mahimo. Sa wala pa ko moadto sa trabaho sa unang adlaw, sayo ko nimata ko gusto nako nga dili ko magdali. Mao nga nag-andam ko daan sa akong mga gamit ug sini-- sinina. Nagpamahaw ko og ngandam sa akong kaugalingon. Gisiguro nako nga dala nako ang mga importante nga butang sama sa cellphone, wallet, identification card ug uban pang kinahanglanon tungod kay unang adlaw pa. Gusto nako nga representable ug hapsay akong itsura. Pag-abot nako sa workplace, medyo nervous ko kay wala pa ako kaila sa kadaghanan sa mga tawo. Nag-obserbar ko sa palibot ug naningkamot nga nasabtan kung asa ko kinahanglan moadto pagkahalubilo nako kung asa akong assignment. Gipaila ko sa akong mga takauban, nakig-hello ko ug nagpaila sa akong kaugalingon. Bisan simple ra nga ipangmusta, nakatabang kini aron mawala gamay akong kakulba. Sa unang bahin sa adlaw, kasagaran ang orientation ug pagpas-- pagsabot sa mga rules ug responsibilities. Gipatin-aw kanako kung unsa ang akong trabaho, unsa ang mga kinahanglan nako buhaton ug unsa ang mga standard nga kinahanglan sundon. Gipakita pod kanako ang mga gamit system ug proseso nga akong gamiton. Tungod kay daghan pa kaayo ug bag-ong impormasyon, naningkamot ko nga paminaw pag-ayo ug mahigumdom sa mga importanteng detalye. Kung adunay butang nga wala nako masabti, dili ko maulaw nga mangutana. Para nako mas maayo nga mangutana sa sinugdanan kaysa naghimo og sayup tungod kay wala ako kasabot. Ang akong mga kauban ug supervisor importante kaayo sa unang adlaw kay sila ang nagtudlo kanako kung unsaon pagbuhat sa mga buluhaton sa unang trabaho nako. Nakaka-- nakakat-on ko nga importante ang punctuality. Kung kinahanglan magsugod ang trabaho sa usa ka piho nga oras, kinahanglan nga naa ko daan sa workplace. Dili maayo nga pirming malate kay makaapekto kini sa trabaho ug sa pagsalig sa mga kauban. Mao nga sa unang adlaw palang akong gipakita nga seryoso ko sa akong responsibilidad. Nakat-on pod ko nga importante ang teamwork. Dili tanan nga buluhaton mahimo nga ako ra maghimo. Adunay nga higayon nga kinahanglan ko mangayo og tabang o makipag-coordinate sa uban. Sa unang adlaw, akong nakita nga mas sayon ang trabaho kung ang tanan adunay respeto ug maayo nga komunikasyon. Sa dihang gihatag ko ang akong unang task, medyo nakulbaan ko kay gusto nako sakto akong buhaton. Gisunod nako ang mga instruction nga gihatag kanako ug akong gi-check ang akong trabaho sa dili pa nako kini ipasa kung adunay wala ko masabti, nangutana ko. Hinayhinay nakakuha ko og confidence samtang nagpadayon ang adlaw. Adunay nga butang nga dali ra kong nakalaton-onan, apan adunay uban nga kinahanglan pa og practice. Wala ko pag-- mang-expect nga mahimong eksperto dayon ko sa unang adlaw. Para nako normal ra adunay nga sayup ug kalibog kung bag-o pa. Ang importante kay willing ko nga magkat-on ug dawaton ang correction gikan sa akong supervisor o mga kauban. Pag-abot sa lunch break, nakapahuway ko gamay. Lindot pod nga panahon kini aron mag-istorya sa akong mga kauban ug makaila kanila. Napangutana ko sa bahin sa ilahang experience sa trabaho ug nangadpadawat pod ko og mga tips kung unsaon pag-adjust sa workplace. Tungod niini, nakabati ko nga dili diay kinahanglan nga mahadlok ko ang bag-ong environment. Paghuman sa lunch, maipadayon ko sa akong-- medyo mas komportable na ako yuna nakasu-- nakasugod sa rutin.","Ang akong unang trabaho ug ang akong unang adlaw sa trabaho usa ka kasinatian nga dili gyud nako malimtan sa unang adlaw. Natural lang nga medyo kulbaan ko kay bag-o pa ang lugar, bag-o ang mga tawo nga akong kauban, wala pa akong kahalubilo kung unsad gyud ang dagan sa trabaho. Bisan pa ana, excited pod ko kay bag-ong oportunidad kini para makat-on, makakuha og experience ug magpakita kung unsa akong mahimo. Sa wala pa ko moadto sa trabaho sa unang adlaw, sayo ko nimata ko gusto nako nga dili ko magdali. Mao nga nag-andam ko daan sa akong mga gamit ug sini-- sinina. Nagpamahaw ko og ngandam sa akong kaugalingon. Gisiguro nako nga dala nako ang mga importante nga butang sama sa cellphone, wallet, identification card ug uban pang kinahanglanon tungod kay unang adlaw pa. Gusto nako nga representable ug hapsay akong itsura. Pag-abot nako sa workplace, medyo nervous ko kay wala pa ako kaila sa kadaghanan sa mga tawo. Nag-obserbar ko sa palibot ug naningkamot nga nasabtan kung asa ko kinahanglan moadto pagkahalubilo nako kung asa akong assignment. Gipaila ko sa akong mga takauban, nakig-hello ko ug nagpaila sa akong kaugalingon. Bisan simple ra nga pangmusta, nakatabang kini aron mawala gamay akong kakulba. Sa unang bahin sa adlaw, kasagaran ang orientation ug pagpas-- pagsabot sa mga rules ug responsibilities. Gipatin-aw kanako kung unsa ang akong trabaho, unsa ang mga kinahanglan nako buhaton ug unsa ang mga standard nga kinahanglan sundon. Gipakita pod kanako ang mga gamit system ug proseso nga akong gamiton. Tungod kay daghan pa kaayo ug bag-ong impormasyon, naningkamot ko nga paminaw pag-ayo ug mahigumdom sa mga importanteng detalye. Kung adunay butang nga wala nako masabti, dili ko maulaw nga mangutana. Para nako, mas maayo nga mangutana sa sinugdanan kaysa naghimo og sayup tungod kay wala ako kasabot. Ang akong mga kauban ug supervisor importante kaayo sa unang adlaw kay sila ang nagtudlo kanako [laughs] kung unsaon pagbuhat sa mga buluhaton sa unang trabaho nako. Nakaka-- nakakat-on ko nga importante ang punctuality. Kung kinahanglan magsud ang trabaho sa usa ka piho nga oras, kinahanglan nga naa ko daan sa workplace. Dili maayo nga perming malate kay makaapekto kini sa trabaho ug sa pagsalig sa mga kauban. Mao nga sa unang adlaw pa lang, akong gipakita nga seryoso ko sa akong responsibilidad. Nakat-on pod ko nga importante ang teamwork. Dili tanan nga buluhaton mahimo nga ako ra maghimo. Adunay nga higayonon nga kinahanglan ko mangayo og tabang o makipag-coordinate sa uban. Sa unang adlaw, akong nakita nga mas sayon ang trabaho kung ang tanan adunay respeto ug maayo nga komunikasyon. Sa dihang gihatag ko ang akong unang task, medyo nakulban ko kay gusto nako sakto akong buhaton. Gisunod nako ang mga instruction nga gihatag kanako ug akong gi-check ang akong trabaho sa dili pa nako kini ipasa kung adunay wala ko masabti. Nangutana ko. Hinahina nakakuha ko og confidence samtang nagpadayon ang adlaw. Adunay nga butang nga dali ra kong nakalatuonan, apan adunay uban nga kinahanglan pa og practice. Wala ko pag-- mang-expect nga mahimong eksperto dayon ko sa unang adlaw. Para nako normal ra adunay nga sayup ug kalibog kung bag-o pa. Ang importante kay willing ko nga magkat-on ug dawaton ang correction gikan sa akong supervisor o mga kauban. Pag-abot sa lunch break, nakapahuway ko gamay. Nindot pod nga panahon kini aron magistorya sa akong mga kauban ug makaila kanila. Napangutana ko sa bahin sa ilahang experience sa trabaho ug pangad-- nadawat pod ko og mga tips kung unsaon pag-adjust sa workplace. Tungod niini, nakabati ko nga dili diay kinahanglan nga mahadlok ko ang bag-ong environment. Paghuman sa lunch, maipadayon ko sa akong-- medyo mas komportable na ako yuna nakasu-- nakasugod sa akong routine.",0.030894308943089432,15,0,4,600,0.010924593658406609,7,9,25,3737
CEB_015,Cebuano,female,Philippines,English,Philippines - Filipino English (Manila),Windows,Desktop,501,35-44,True,native,003_004,30,"Sa gabii, sa dili pa ako matulog, kasagaran akong buhaton kay mag-andam una ko sa akong kaugalingon aron komportable ko ug hapsay ang akong hunahuna. Una, manghugas ko sa akong nawong ug maligo kung kinakahanglan dayon magsipilyo ko sa aking ipon. Importante para nako ang personal hygiene kay makatabang kini nga liyempo ug presko akong paminaw sa dili pa matulog. Human ana usahay mag-check ko sa akong cellphone. Tan-awon nako kon unay ba importante nga mensahe, tawag o notification nga kinahanglan tubagon pero likayan nako ang dugay nga paggamit sa cellphone kay usahay makapugong kini sa dili-- dali nga pangkatulog. Kung wala may importante nga buhaton, akong ibutang ang cellphone sa layo o i-silent mode aron dili ko sige og tan-aw. Sunod, mag-andam ko sa akong mga kinahanglanon para sa sunod adlaw. Kung nay akoay trabaho, importante nga lakaw akong hunahunaon kung unsa akong isul-isul-ob ug unsa may butang nga kinahanglan nako dalon. Makatabang kini nga dili ko magdali pagkabuntag kung naakoy mga buluhaton nga wala pa nahuman. Akong i-organize sa akong hunahuna o isulat aron dili na ko makalimtan. Usahay magpahayahay ko pinaagi sa pagpaminaw og hinay nga music o pagtan-aw og usa ka bumbu nga video. Kung medyo kapoy o stressful ang adlaw, magligkon ko kaidiot og magpahuyay, maghinay-hinay ko og ginhawa og akong paningkamutan nga mawala ang mga kabalaka ug hunahunaon o ang mga maayong nahitabo sa tibuok adlaw. Ganahan pod ko nga mag-andam daan sa kwarto. Siguruhon nako nga hapsay ang akong higdaanan, komportable ang akong unlan ug sakto ang temperatura sa kwarto. Kung init, akong i-on ang electric fan o air conditioner. Kung na-- kung hayag pa kaayo, ang akong palungon ang suga aron mas sayon ko makatulog. Sa dili pag-yud ko mohigda, usahay maghunahuna ko kung unsa akong nahimo niyanang adlaw. Kung nawa ako nahimo nga maayo, malipay ko og magpasalamat. Kung naa ako sayop o butang nga wala nako nahuman, dili nako palahikon akong kabakala. Hinuon akong hunahunaon kung unsaon nako kini pag-ayo o paghuman sa sunod adlaw. Kung adunay oras, magpasalamat pod ko sa mga maayong butang nga nahitabo sa akong kinabuhi ug sa akong pamilya. Para nako importante nga matulog nga malinawon ang hunahuna ug dili puno sa kasuko o problema. Kung adunay misunderstanding sa uban, akong paningkamutan nga dili na kaayo hunahunaon sa gabii ug ipagawas na lang ang problema pagkaugma kung mas klaro na ang hunahuna. Sa katapusan, mohigda na ko sa akong higdaanan, ipiyong ang akong mata ug mag-relax. Likayan nako ang sige og hunahuna sa trabaho, problema o mga butang nga dili sa nako. Mauseb niya ang oras, mag-focus ko sa paghuway ug sa pagkuha og igo nga tulog aron adunay kusog pagkabuntag. Para nako ang gabii dili lang panahon sa pagtulog, panahon pod kini sa pagpahuway sa lawas, pagpakalma sa hunahuna ug pag-andam sa kaugalingon para sa bag-ong adlaw. Busa akong paningkamutan nga ang akong katapusang buhaton sa gabii kay usa ka butang nga makahatag og kalinaw ug maayong pagbati sa dili pa ko hingpit nga makatulog.","Sa gabii, sa dili pa ako matulog, kasagaran akong buhaton kay mag-andam una ko sa akong kaugalingon aron komportable ko ug hapsay ang akong hunahuna. Una, manghugas ko sa akong nawong ug maligo kung kinakahanglan, dayon magsipilyo ko sa aking ipon. Importante para nako ang personal hygiene kay makatabang kini nga liyempo ug presko akong paminaw sa dili pa matulog. Human ana, usahay mag-check ko sa akong cellphone. Tan-awon nako kon unay ba importante nga mensahe, tawag o notification nga kinahanglan tubagon. Pero likayan nako ang dugay nga paggamit sa cellphone kay usahay makapugong kini sa dili-- dali nga pangkatulog. Kung wala may importante nga buhaton, akong ibutang ang cellphone sa layo o i-silent mode aron dili ko sige og tan-aw. Sunod, mag-andam ko sa akong mga kinahanglanon para sa sunod adlaw. Kung nay akoay trabaho, importante nga lakaw akong hunahunaon kung unsa akong isul-isul-ob ug unsa may butang nga kinahanglan nako dalon. Makatabang kini nga dili ko magdali pagkabuntag. Kung naa akoay mga buluhaton nga wala pa nahuman, akong i-organize sa akong hunahuna o isulat aron dili na ko makalimtan. Usahay magpahayahay ko pinaagi sa pagpaminaw og hinay nga music o pagtan-aw og usa ka bumbu nga video. Kung medyo kapoy o stressful ang adlaw, magligkon ko kaidiot ug magpahuway. Maghinay-hinay ko og ginhawa og akong paningkamutan nga mawala ang mga kabalaka ug hunahunaon o ang mga maayong nahitabo sa tibuok adlaw. Ganahan pod ko nga mag-andam daan sa kwarto. Siguruhon nako nga hapsay ang akong higdaanan, komportable ang akong unlan, ug sakto ang temperatura sa kwarto. Kung init, akong i-on ang electric fan o air conditioner. Kung na-- kung hayag pa kaayo, ang akong palungon ang suga aron mas sayon ko makatulog. Sa dili pagyud ko mohigda, usahay maghunahuna ko kung unsa akong nahimo nianang adlaw. Kung nawa ako nahimo nga maayo, malipay ko ug magpasalamat. Kung naa ako sayop o butang nga wala nako nahuman, dili nako palahikon akong kabakala. Hinuon akong hunahunaon kung unsaon nako kini pag-ayo o paghuman sa sunod adlaw. Kung adunay oras, magpasalamat pod ko sa mga maayong butang nga nahitabo sa akong kinabuhi ug sa akong pamilya. Para nako importante nga matulog nga malinawon ang hunahuna ug dili puno sa kasuko o problema. Kung adunay misunderstanding sa uban, akong paningkamutan nga dili na kaayo hunahunaon sa gabii ug ipagawas na lang ang problema pagkaugma kung mas klaro na ang hunahuna. Sa katapusan, mohigda na ko sa akong higdaanan, ipiyong ang akong mata ug mag-relax. Likayan nako ang sige og hunahuna sa trabaho, problema o mga butang nga dili sa nako mausab nya ang orasa. Magpokos ko sa paghuway ug sa pagkuha og igo nga tulog aron adunay kusog pagkabuntag. Para nako, ang gabii dili lang panahon sa pagtulog, panahon pod kini sa pagpahuway sa lawas, pagpakalma sa hunahuna, ug pag-andam sa kaugalingon para sa bag-ong adlaw. Busa akong paningkamutan nga ang akong katapusang buhaton sa gabii kay usa ka butang nga makahatag og kalinaw ug maayong pagbati sa dili pa ko hingpit nga makatulog.",0.04790419161676647,23,0,1,478,0.01052285432423545,16,5,11,3020
CEB_015,Cebuano,female,Philippines,English,Philippines - Filipino English (Manila),Windows,Desktop,663,35-44,True,native,004_001,31,"Naakoy mabutang nga akong gikolekta bisan dili man kini sobra kadaghan. Para nako ang pang kolekta og mga butang usa ka nindot nga hobby kay nakahatag kini og kalipay ug mahimong paagi sa pagpreservar sa mga butang nga adunay espesyal nga kahulugan. Dili kinahanglan nga mahal ang usa ka butang aron mahimong importante. Usahay ang bili niini na sa memorya o istorya nga kauban niini. Usa sa akong ganahon kolektahon mao ang mga gagamay nga souvenir gikan sa mga lugar nga akong napuntahan. Pananglitan, kung makabisita ko og lang lugar, ganahan ko nga makadala og gamay nga souvenir sama sa keychain, magnet, postcard o bisan unsa nga makapahinumdom kanako sa lugar. Sa matag higayon nga makita nako kini, mahinumduman nako ang akong experience didto. Ganahan pod ko magtipig og mga litrato ug importanting memories. Bisan digital na kadaghanan karon, usahay akong i-organize ang mga litrato sa cellphone o computer. Para nako, usa usab kini sa klase pang kolekta kay mga litrato nagtipig sa mga importanting higayon sa ikinabuhi. Kung adunay panahon, ganahan ko nga tan-awon balik ang mga karaang litrato ug mahinumduman ang mga tawo ug panghitabo nga akong naagingan. Usahay makolekta pod nako ang mga libro, notebook ug uban pang gamit nga makatabang sa akong pagkat-on. Kung makakita ko og libro nga interesante ang topic, ganahan ko nga tipigan kina aron mabasa nako sa akong libre nga oras. Ang uban nga libro mahimong dugay pa nako mabasa pero ganahan ko nga na-- a, kini sa akong koleksyon kay mahimo nako silang gamiton kon gikinahanglan. Na pod koy mga butang nga akong gitipigan tungod kay adunay sentimental value. Pananglitan, adunay nga gagmay nga regalo gikan sa pamilya o mga higala nga dili nako gusto ilabay. Bisan ordinaryo ra tan-awon sa uban, espesyal kini para nako tungod kay gikan kini sa tawo nga importante sa akong kinabuhi. Kung makita nako kini, mahinumduman nako ang tawo nga naghatag ug ang panahon nga nahitabo kini. Para nako, ang pang kolekta dili kinahanglan nga mahimong mahal nga hobby. Mura, magsugod sa simpleng butang ang importante kay makahatag kini og kalipay ug adunay personal nga kahulugan. Mas ganahan ko nga makolekta og butang nga adunay istorya kaysa mangolekta tungod lang kay mahal sa o sikat kini. Importante pod nga organisado ang mga butang nga akong gikolekta. Dili maayo nga ipundok lang tanan bisan asa kay mahimong mawala o madaot. Mao nga akong panangkamutan nga ibutang kini sa husto nga lugar. Ang gagmay nga butang mahimo ibutang sa usa ka kahon, samtang ang mga litrato ug digital files akong i-organize sa folders aron sayon ra nako pangitaon. Kung adunay bag-ong butang nga akong madawat, akong hunahunaon una kung importante bagyod kini. Dili ko gusto nga makolekta og daghan kaayo nga walay pulos kay mahimong makasamok sa balay. Para nako, mas maayo ang gamay pero meaningful nga koleksyon kaysa daghang kaayo nga butang nga wala nay personal nga bili. Usahay ang pang kolekta mahimo usab ang makatunan nga hobby. Pananglitan, kung mangolekta og libro, mas daghan ta og mabasa. Kung mangolekta og souvenir gikan sa lain-laing lugar, mas mahimong interesado ta sa tun-- kultura ug kasaysayan sa mga lugar. Busa dili lang kay ini bahin sa pagtipig og mga butang, apan mahimo usab kini nga paagi sa pagkat-on. Kung makigistorya ko sa uban bahin sa ilang mga koleksyon, makapa-interest pod nga mahibaloan kung unsa ilang gahanay ang uban. Tawo mangolekta og stamp, coins, toys, shoes, watches, cards, mga figurines. Lahilahi ang gusto matag tawo ug para nako nindot kini kay nagpakita sa ilang personalidad ug mga interes. Kung mangutana ang usa kong tawo unsa ang pinakibilhin ang akong koleksyon, dili tinghali pinakamahal nga butang pilion. Mas pilion nako ang butang nga adunay pinaka kusog nga memorya. Para nako, mas bililhon ang usa ka simple nga regalo gikan sa usa minahal nga tawo kaysa usa ka mahal nga butang nga walay personal nga kahulugan. Umabot gusto ko pa nga makadugang og mga butang sa akong koleksyon pero gusto nako nga hinay-hinay","Naakoy mabutang nga akong gikolekta bisan dili man kini sobra kadaghan. Para nako ang pang kolekta og mga butang usa ka nindot nga hobby kay nakahatag kini og kalipay ug mahimong paagi sa pagpreserve sa mga butang nga adunay espesyal nga kahulugan. Dili kinahanglan nga mahal ang usa ka butang aron mahimong importante. Usahay ang bili niini na sa memorya o istorya nga kauban niini. Usa sa akong ganahon kolektahon mao ang mga gagamay nga souvenir gikan sa mga lugar nga akong napuntahan. Pananglitan, kung makabisita ko og lang lugar, ganahan ko nga makadala og gamay nga souvenir sama sa keychain, magnet, postcard o bisan unsa nga makapahinumdom kanako sa lugar. Sa matag higayon nga makita nako kini, mahinumduman nako ang akong experience didto. Ganahan pod ko magtipig og mga litrato ug importante memories. Bisan digital na kadaghanan karon, usahay akong i-organize ang mga litrato sa cellphone o kompyuter. Para nako, usa usab kini sa klase pang kolekta kay mga litrato nagtipig sa mga importante higayon sa ikinabuhi. Kung adunay panahon, ganahan ko nga tan-awon balik ang mga karaang litrato ug mahinumduman ang mga tawo ug panghitabo nga akong naagingan. Usahay makolekta pod nako ang mga libro, notebook ug uban pang gamit nga makatabang sa akong pagkat-on. Kung makakita ko og libro nga interesante ang topic, ganahan ko nga tipigan kini aron mabasa nako sa akong libre nga oras. Ang uban nga libro mahimong dugay pa nako mabasa pero ganahan ko nga na-- na kini sa akong koleksyon kay mahimo nako silang gamiton kon gikinahanglan. Na pod koy mga butang nga akong gitipigan tungod kay adunay sentimental value. Pananglitan, adunay nga gagmay nga regalo gikan sa pamilya o mga higala nga dili nako gusto ilabay. Bisan ordinaryo ra tan-awon sa uban, espesyal kini para nako tungod kay gikan kini sa tawo nga importante sa akong kinabuhi. Kung makita nako kini, mahinumduman nako ang tawo nga naghatag ug ang panahon nga nahitabo kini. Para nako ang pang kolekta dili kinahanglan nga mahimong mahal nga hobby. Mura, magsugod sa simple butang. Ang importante kay makahatag kini og kalipay ug adunay personal nga kahulugan. Mas ganahan ko nga makolekta og butang nga adunay istorya kaysa mangolekta tungod lang kay mahal sa o sikat kini. Importante pod nga organisado ang mga butang nga akong gikolekta. Dili maayo nga ipundok lang tanan bisan asa kay mahimong mawala o madaot. Mao nga akong panangkamutan nga ibutang kini sa husto nga lugar. Ang gagmay nga butang mahimo ibutang sa usa ka kahon, samtang ang mga litrato ug digital files akong i-organize sa folders aron sayon ra nako pangitaon. Kung adunay bag-ong butang nga akong madawat, akong hunahunaon una kung importante bagyod kini. Dili ko gusto nga makolekta og daghan kaayo nga walay pulos kay mahimong makasamok sa balay. Para nako, mas maayo ang gamay pero meaningful nga koleksyon kaysa daghang kaayo nga butang nga wala nay personal nga bili. Usahay ang pang kolekta mahimo usab ang makat-onan nga hobby. Pananglitan, kung mangolekta og libro, mas daghan ta og mabasa. Kung mangolekta og souvenir gikan sa lain-laing lugar, mas mahimong interesado ta sa tun-- kultura ug kasaysayan sa mga lugar. Busa dili lang kay ini bahin sa pagtipig og mga butang, apan mahimo usab kini nga paagi sa pagkat-on. Kung makig-istorya ko sa uban bahin sa ilang mga koleksyon, makapa-interest pod nga mahibaluon kung unsa ilang gahanay ang uban. Tawo mangolekta og stamp, coins, toys, shoes, watches, cards, mga figurines. Lahilahi ang gusto matag tawo ug para nako nindot kini kay nagpakita sa ilang personalidad ug mga interes. Kung mangutana ang usa kong tawo unsa ang pinakibilhin ang akong koleksyon, dili tinghali pinakamahal nga butang pilion. Mas pilion nako ang butang nga adunay pinaka kusog nga memorya. Para nako mas bililhon ang usa ka simple nga regalo gikan sa usa minahal nga tawo kaysa usa ka mahal nga butang nga walay personal nga kahulugan. Umabot gusto ko pa nga makadugang og mga butang sa akong koleksyon pero gusto nako nga hinahi-",0.02262443438914027,15,0,0,648,0.00721572530480219,8,15,6,3996
CEB_010,Cebuano,male,Philippines,Tagalog / Filipino,Philippines - Manila (Tagalog),Linux,Mobile,268,35-44,True,native,004_002,32,"Sa gabii, kasagaran mosugod ko sa paghinay-hinay og pahulay human sa usa ka taas ug kapoy nga adlaw. Una, manglimpyo ko gamay sa akong palibot, maghan-ay sa higdaanan, og maghipos sa mga gamit, og mag-andam sa mga butang nga gamiton nako ogma aron dili na magdali sa buntag. Human ana, mag inum ko og tubig o init nga tsaa aron ma-relax ang akong lawas. Usahay magluto ko og simplo-- simple nga panihapon o mokuha na lang og makaon nga sayon ihanda, sama sa noodles, itlog, o ginagmay nga ulam nga dili na kinahanglan daghang oras sa kusina. Pagkahuman sa panihapon, magpahuhay ko pinaagi sa pagtan-aw og sadida sa selpon o telebisyon. Ganahan ko og mga sadida nga makapahupay sa hunahuna, sama sa komedi, aron mawala ang stress sa tibuok adlaw. Usahay sab, mapaminaw ko og musika samtang nagtan-aw sa gawas sa bintana og naglingkod lang sa higdaanan. Naghunahuna sa mga butang nga nahitabo sa adlaw kong aduna'y mensahe gikan sa mga higala o pamilya. Mag-reply ko og magkimustahay gamay aron mapabilin ang among koneksyon bisan busy ang matag usa. Sa ubang gabii, magbasa ko og libro o artikulo online, labi na kung gusto nako makakat-on og bag-ong butang o magpalapad sa akong kahibalo. Nalingaw ko sa pagbasa sa mga istorya nga makahatag og inspirasyon o mga tips nga magamit sa adlaw-adlaw nga kinabuhi. Kon aduna'y personal nga goal sa plano, magsulat ko og gamay sa notebook, mga ideya, mga buhaton og ugma, o mga butang nga akong gipasalamat karong adlawa. Nakatabang kini aron mas klaro ang akong hunahuna og mas malinaw ang akong pagbati sa dili pa matulog.","Sa gabii, kasagaran mosugod ko sa paghinay-hinay og pahulay human sa usa ka taas ug kapoy nga adlaw. Una, manglimpyo ko gamay sa akong palibot, maghahan-ay sa higdaanan ug maghipos sa mga gamit ug mag-andam sa mga butang nga gamiton nako og ma aron dili na magdali sa buntag. Human ana, mag-inom ko og tubig o init nga tsaa aron ma-relax ang akong lawas. Usahay magluto ko og simplo-- simple nga panihapon o mokuha na lang og makaon nga sayon ihanda, sama sa noodles, itlog o ginagmay nga ulam nga dili na kinahanglan daghang oras sa kusina. Pagkahuman sa panihapon, magpahulay ko pinaagi sa pagtan-aw og sadida sa selpon o telebisyon. Ginahan ko og mga sadida nga makapahupay sa hunahuna, sama sa komedi, aron mawalang ang stress sa tibuok adlaw. Usahay sab, mapaminaw ko og musika samtang nagtan-aw sa gawas sa bintana ug naglingkod lang sa hdanan. Naghunahuna sa mga butang nga nahitabo sa adlaw kong aduna'y mensahe gikan sa mga higala o pamilya. Mag-reply ko ug magkimustahay gamay aron mapabilin ang among koneksyon bisan busy ang matag usa. Sa ubang gabii, magbasa ko og libro o artikulo online, labi na kung gusto nako makakat-on og bag-ong butang o magpalapad sa akong kahibalo. Nalingaw ko sa pagbasa sa mga istorya nga makahatag og inspirasyon o mga tips nga magamit sa adlaw-adlaw nga kinabuhi. Kon aduna'y personal nga goal sa plano, magsulat ko og gamay sa notebook, mga ideya, mga buhaton og ugma o mga butang nga akong gipasalamat karong adlawa. Nakatabang kini aron mas klaro ang akong hunahuna ug mas malinaw ang akong pagbati sa dili pa matulog.",0.06716417910447761,16,1,1,251,0.013409961685823755,9,7,5,1550
CEB_010,Cebuano,male,Philippines,Tagalog / Filipino,Philippines - Manila (Tagalog),Linux,Mobile,303,35-44,True,native,004_003,33,"Ang akong paboritong holiday gawas sa Pasko mao ang Holy Week, labi na mga adlaw sa Huwebes Santo ug Biyernes Santo. Espesyal kaayo ni para nako kay dili lang kini bakasyon gikan sa trabaho o eskwela, kondili usa usab ka panahon sa pagpamalandong, paghinay sa dagan sa kinabuhi, o paghatag og oras para sa kaugalingon ug sa pamilya. Sa Holy Week, mas malinaw ang palibot, mas gamay ang kasaba, ug mas kadaghan og panahon para maghunahuna sa mga butang nga importante sa kinabuhi. Dili sama sa ubang holiday nga puro kasadya ug handa, ang Holy Week nagtudlo kanako sa kahinungdanon sa pagpahuway sa hunahuna ug kasingkasing, ug sa paghinumdom sa mga sakripisyo nga gihimo alang sa kaluwasan sa katawhan. Ganahan ko sa Holy Week tungod kay kini usa ka higayon nga makabalik ko sa simple nga kinabuhi. Sa among balay, kasagaran wala kaayo'y daghang laka ug handa kondili simple ra nga pagkaon ug hilom nga palibot. Maminaw mi og misa, motan-aw og religuos nga salida, o magbasa og Bibliya. Kini nga mga buhat makatabang kanako nga mas makasabot sa espiritwal nga aspeto sa kinabuhi ug mas makapamalandong sa akong mga sayop, mga kalampusan, ug mga plano sa umaabot. Ang kahilom sa Holy Week murag usa ka pahulay alang sa hunahuna nga permi napuno sa problema, trabaho, ug responsibilidad sa adlaw-adlaw. Usapa ka holiday nga paborito nako mao ang All Saints Day ug All Days Soul. Bisan og medyo malungkot ang tema, importante kaayo kini nga mga adlaw para nako tungod kay naghatag kini og higayon nga mahinumduman ang mga minahal nga namatay na. Sa mga adlawa sama niini, muadto mi sa sementeryo, maghinlo sa lubongan, magdala og bulak ug kandila, ug mag-ampo para sa kalag sa among mga paryente. Dili lang kini tradisyon, kondili usa usab ka paagi sa pagpakita sa among pagdayeg","Ang akong paboritong holiday gawas sa Pasko mao ang Holy Week, labi na mga adlaw sa Huwebes Santo ug Biyernes Santo. Espesyal kaayo ni para nako kay dili lang kini bakasyon gikan sa trabaho o eskwela, kondili usa usab ka panahon sa pagpamalandong, paghinay sa dagan sa kinabuhi, o paghatag og oras para sa kaugalingon ug sa pamilya. Sa Holy Week, mas malinaw ang palibot, mas gamay ang kasaba, ug mas kadaghan og panahon para maghunahuna sa mga butang nga importante sa kinabuhi. Dili sama sa ubang holiday nga puro kasadya ug handa, ang Holy Week nagtudlo kanako sa kahinungdanon sa pagpahulay sa hunahuna ug kasingkasing, ug sa paghinumdom sa mga sakripisyo nga gihimo alang sa kaluwasan sa katawhan. Ganahan ko sa Holy Week tungod kay kini usa ka higayon nga makabalik ko sa simple nga kinabuhi. Sa among balay, kasagaran wala kaayo'y daghang laka ug handa kondili simple ra nga pagkaon ug hilom nga palibot. Maminaw mi og misa, motan-aw og relihiyos nga salida, o magbasa og Bibliya. Kini nga mga buhat makatabang kanako nga mas makasabot sa espiritwal nga aspeto sa kinabuhi ug mas makapamalandong sa akong mga sayup, mga kalampusan, ug mga plano sa umaabot. Ang kahilom sa Holy Week murag usa ka pahulay alang sa hunahuna nga permi napuno sa problema, trabaho, ug responsibilidad sa adlaw-adlaw. Usapa ka holiday nga paborito nako mao ang All Saints Day ug All Days Soul. Bisan og medyo malungkot ang tema, importante kaayo kini nga mga adlaw para nako tungod kay naghatag kini og higayon nga mahinumduman ang mga minahal nga namatay na. Sa mga adlaw nga sama niini, muadto mi sa sementeryo, maghinlo sa lubongan, magdala og bulak ug kandila, ug mag-ampo para sa kalag sa among mga paryente. Dili lang kini tradisyon, kondili usa usab ka paagi sa pagpakita sa among pagdayeg",0.0165016501650165,4,0,1,299,0.0045045045045045045,4,0,4,1772
CEB_010,Cebuano,male,Philippines,Tagalog / Filipino,Philippines - Manila (Tagalog),Linux,Mobile,475,35-44,True,native,004_004,34,"Ang akong damgo sa kinabuhi mao ang pagkinabuhi nga malinaw, malipayon ug makahuluganon dili lang para sa akong kaugalingon kondili usab para sa akong pamilya ug sa mga tawo nga naa sa akong palibot. Gusto ko nga makabuot ang usa ka kahimtangan sa kinabuhi nga dili pirmi puno sa kabalaka ug kakapoy kondili adunay balanse tali sa trabaho, personal nga kalipay ug panahon para sa pamilya. Usa sa akong pinakadakong damgo mao ang mahimong financially stable aron dili na pirmi maghunahuna kung asa mangita og kwarta para sa adlaw nga panginginahanglan. Gusto nga makahatag og komportable nga kinabuhi sa akong pamilya, makasuporta sa ilang mga pangandoy ug makahatag og maayong edukasyon sa akong mga anak o mga manghud kung naa man. Para nako, ang tinuod nga kalampusan dili lang sukdon sa kadaghan sa kwarta kondili sa kahimtangan sa hunahuna ug kasingkasing nga matag adlaw mubangon nga walay bug-at nga pagbati ug matulog nga malinaw ang konsensya. Bahin usab sa akong damgo ang personal nga pagtubo o pagpaayo sa kaugalingon. Gusto nga magpadayon sa pagkat-on og bag-ong mga kahanas labi na sa mga butang nga makatabang sa akong career ug sa akong personal nga interes. Damgo nako nga makakita og trabaho og negosyo nga dili lang makahatag og igo nga kita kondili usab makahatag og katagbawan og kahulugan sa akong gibuhat. Gusto ko nga mubati nga importante ang akong kontribusyon og adunay positibong epekto sa uban. Apil sa akong damgo ang pagkahimong mas maalamon, mas mapailubon og mas responsable nga tawo nga kabalo moatubang sa mga pagsulay sa kinabuhi nga dili dayon mohunong o moundang. Gusto nga mahimong inspirasyon sa akong pamilya og sa mga tawo nga nakaila nako nga makita nila nga posible ang pag-uswag bisan pa sa kalisud kon adunay disiplina, pagtuo sa kaugalingon og paningkamot. Usa pa sa akong damgo mao ang pagbiyahe o pag-explore sa lain-laing lugar. Gusto nga makakita sa lain-laing kultura, makaila og lain-laing klase mga tawo og makasinati og bag-ong mga butang nga makapalapad sa akong paglantaw sa kinabuhi. Ang pagbiyahe para nako dili lang para sa kalipay kondili para sa personal nga pagtubo og pagkat-on. Damgo nako nga makabisita sa mga lugar nga adunay nakong gihandum. Og makabuhat og mga handuman nga mopabilin sa akong hunahuna hangtod sa katapusan sa akong kinabuhi. Gusto ko usab nga makabyahe uban sa akong pamilya o mga higala kay maespesyal ang mga kasinatian kon naa kay mga kauban nga imong gihigugma og gisaligan. Apil usab sa akong damgo ang pagkatiman sa akong kahimsog, pisikal, mental og emosyonal. Gusto nga mopabilin nga himsog aron makabuhat pa ko sa daghang mga butang nga akong gihandum. Gusto nga mag-practice og maayong pamatasan sama sa regular nga ehersisyo, husto nga pagkaon og igo nga tulog. Kabalo ko nga bisan unsa pakadako ang akong mga damgo, dili nako kini makabuot akong pirmi ko masikiton o walay kusog.","Ang akong damgo sa kinabuhi mao ang pagkinabuhi nga malinaw, malipayon ug makahuluganon dili lang para sa akong kaugalingon kondili usab para sa akong pamilya ug sa mga tawo nga naa sa akong palibot. Gusto ko nga makabuot ang usa ka kahintangan sa kinabuhi nga dili permi puno sa kabalaka ug kakapoy kondili adunay balanse tali sa trabaho, personal nga kalipay ug panahon para sa pamilya. Usa sa akong pinakadakong damgo mao ang mahimong financially stable aron dili na permi maghunahuna kung asa mohita og kwarta para sa dadlaw nga panginginahanglan. Gusto nga makahatag og komportable nga kinabuhi sa akong pamilya, makasuporta sa ilang mga pangandoy ug makahatag og maayong edukasyon sa akong mga anak o mga manghud kung naa man. Para nako, ang tinuod nga kalampusan dili lang sukdon sa kadaghan sa kwarta kondili sa kahintangan sa hunahuna ug kasingkasing, nga matag adlaw mubangon nga walay bug-at nga pagbati ug matulog nga malinaw ang konsensya. Bahin usab sa akong damgo ang personal nga pagtubo o pagpaayo sa kaugalingon. Gusto nga magpadayon sa pagkat-on og bag-ong mga kahanas, labi na sa mga butang nga makatabang sa akong career ug sa akong personal na interes. Damgo nako nga makakita og trabaho og negosyo nga dili lang makahatag og igo nga kita kondili usab makahatag og katagbawan ug kahulugan sa akong gibuhat. Gusto ko nga mubati nga importante ang akong kontribusyon ug adunay positibong epekto sa uban. Apil sa akong damgo ang pagkahimong mas maalamon, mas mapailubon ug mas responsable nga tawo nga kabalo moatubang sa mga pagsulay sa kinabuhi, nga dili dayon mohunong o moundang. Gusto nga mahimong inspirasyon sa akong pamilya ug sa mga tawo nga nakaila nako nga makita nila nga posible ang pag-uswag bisan pa sa kalisod kon adunay disiplina, pagtuo sa kaugalingon ug paningkamot. Usa pa sa akong damgo mao ang pagbiyahe o pag-explore sa lain-laing lugar. Gusto nga makakita sa lain-laing kultura, makaila og lain-laing klase mga tawo, ug makasinati og bag-ong mga butang nga makapalapad sa akong paglantaw sa kinabuhi. Ang pagbiyahe para nako dili lang para sa kalipay kondili para sa personal nga pagtubo og pagkat-on. Damgo nako nga makabisita sa mga lugar nga adunay nakong gihandum. Og makabuhat og mga handuman nga mopabilin sa akong hunahuna hangtod sa katapusan sa akong kinabuhi. Gusto ko usab nga makabyahe uban sa akong pamilya o mga higala kay maayong espesyal ang mga kasinatian kon naa kay mga kauban nga imong gihigugma ug gisaligan. Apil usab sa akong damgo ang pagkatiman sa akong kahimsog, pisikal, mental ug emosyonal. Gusto nga mopabilin nga himskog aron makabuhat pa ko sa daghang mga butang nga akong gihandum. Gusto nga mag-practice og maayong pamatasan sama sa regular nga ehersisyo, husto na pagkaon ug igo nga tulog. Kabalo ko nga bisan unsa pakadako ang akong mga damgo, dili nako kini makabuot akong permi ko mas kiton o walay kusog.",0.05894736842105263,26,0,2,449,0.011474269819193325,18,3,12,2855
CEB_010,Cebuano,male,Philippines,Tagalog / Filipino,Philippines - Manila (Tagalog),Linux,Mobile,457,35-44,True,native,004_005,35,"Ang akong plano karong weekend mao ang paghatag og panahon para sa pahulay, personal nga buluhaton ug sa pamilya. Human sa usa kakapoy ug busy nga semana sa trabaho, importante kaayo para nako nga makapahuway og maka-recharge sa kusog. Sa Sabado sa buntag, plano nako nga matulog og dugay gamay aron makabawi ang kakulang sa tulog sa miaging mga adlaw. Pagmata, mag-andam ko og simple nga pamahaw og maglimpyo sa balay, sama sa paghan-ay sa kwarto, paglabhan sa mga sinina, ug pa-organize sa mga gamit nga natapok sa tibuok semana. Para nako, ang paglimpyo usa ka klase sa therapy kay nagahatag kini og malinaw nga hunahuna ug pagbati nga naay kay kontrol sa imong palibot. Sa hapon sa Sabado, plano nako nga maghatag og oras para sa akong kaugalingon. pwede ko motan-aw og salida o series, magbasa og libro o magpaminaw og musika. Kon maayo ang panahon, gusto pod nako nga mogawas gamay, maglakaw-lakaw sa duol nga parke o makikita sa usa ka higala nga para magkape ug magstorya. Importante kaayo nako ang social time, bisan sa gamay nga paagi, kay nakatabang kini sa pagpagawas sa stress ug sa pagpabiling nga konektado sa mga tawo nga importante sa akong kinabuhi. Dili man kinahanglan nga bongga ang mga plano. Ang importante mao nga malipayon ug relax ang pagbati sa matag buhaton. Sa Dominggo, plano na nga maghatag og oras para sa pamilya. Magkaon mi og paniudto nga sabay-sabay og magstorya sa mga nahitabo sa miaging semana. Kon adunay mga buluhaton nga kinahanglan buhaton sa balay, sama sa pag-ayo og gagmayng butang o pagtanom og mga tanom, buhaton pod na namo kini nga maghihiosa. Para nako, ang simpleng nga kalihokan uban sa pamilya, dako kaayo og bili kay nagpalig-on kini sa among relasyon og nagahatag og pagbati sa panaghioosa. Sa gabii sa Domingo, plano nako nga mag-andam para sa sunod nga semana. Mgtan-aw ko sa akong schedule, maglista sa mga buluhaton nga kinahanglan buhaton, ug mag-andam sa mga butang nga gamiton sa Lunes. Kini nga rutina makatabang kaayo aron malikayan ang stress ug kalibog sa pagsugod sa bag-ong semana. Human ini, magpahuhay ko pinaagi sa pagtan-aw og gamay nga salida o pagpaminhaw sa og musika, ug dayon matulog sayo aron andam ang lawas ug hunahuna sa mga hagit sa umaabot nga mga adlaw. Sa kinatibuk-an, akong plano karong weekend dili komplikado, apan puno sa kahulugan og balanse. Ang kombinasyon sa pahulay, personal nga oras, og panahon alang sa pamilya ug mga higala naghatag kanako og kahimtangan sa kalipay ug katagbawan. Para nako, ang usa ka maayong weekend dili sukdon sa kadaghan sa mga lakaw o gastohan, kondili sa pagbati nga napakahuway ka, malipay ka, ug andam ka nga moatubang sa bag-ong semana nga may bag-ong kusog og positibong hunahuna.","Ang akong plano karong weekend mao ang paghatag og panahon para sa pahulay, personal nga buluhaton ug sa pamilya. Human sa usa kakapoy ug busy nga semana sa trabaho, importante kaayo para nako nga makapahuway og maka-recharge sa kusog. Sa Sabado sa buntag, plano nako nga matulog og dugay gamay aron makabawi ang kakulang sa tulog sa miaging mga adlaw. Pagmata, mag-andam ko og simple nga pamahaw og maglimpyo sa balay, sama sa paghan-ay sa kwarto, paglabhan sa mga sinina, ug pa-organize sa mga gamit nga natapok sa tibuok semana. Para nako, ang paglimpyo usa ka klase sa therapy kay nagahatag kini og malinaw nga hunahuna, pagbati nga naay kay kontrol sa imong palibot. Sa hapon sa Sabado, plano nako nga maghatag og oras para sa akong paog-- kaugalingon. Buri ko motan-aw og salida o series, magbasa og libro o magpaminaw og musika. Kon maayo ang panahon, gusto pod nako nga mogawas gamay, maglakaw-lakaw sa duol nga parke o makikita sa usa ka higala nga para magkape og magstorya. Importante kaayo nako ang social time bisan sa gamay nga paagi kay nakatabang kini sa pagpagawas sa stress ug sa pagpabiling nga konektado sa mga tawo nga importante sa akong kinabuhi. Dili man kinahanglan nga bonga ang mga plano. Ang importante mao nga malipayon og relax ang pagbati sa matag buhaton. Sa Domingo, plano na nga maghatag og oras para sa pamilya. Magkaon mi og paniudto nga sabay-sabay og magstorya sa mga nahitabo sa miaging semana. Kon adunay mga buluhaton nga kinahanglan buhaton sa balay, sama sa pag-ayo og gagmayng butang o pagtanom og mga tanom, buhaton pod na namo kini nga maghihiusa. Para nako, ang simpleng nga kahil-lihokan uban sa pamilya, dako kaayo og bili kay nagpalig-on kini sa among relasyon og nagahatag og pagbati sa panaghhiusa. Sa gabii sa Domingo, plano nako nga mag-andam para sa sunod nga semana. Magtan-aw ko sa akong schedule, maglista sa mga buluhaton nga kinahanglan buhaton, ug mag-andam sa mga butang nga gamiton sa Lunes. Kini nga rutina makatabang kaayo aron malikayan ang stress og kalibog sa pagsugod sa bag-ong semana. Human ini, magpahuhay ko pinaagi sa pagtan-aw og gamay nga salida o pagpaminhaw sa og musika, ug dayon matulog og sayo aron andam ang lawas og hunahuna sa mga hagit sa umaabot nga mga adlaw. Sa kinatibuk-an, akong plano karong weekend dili komplikado apan puno sa kahulugan og balanse. Ang kombinasyon sa pahulay, personal nga oras, og panahon alang sa pamilya og mga higala nagahatag kanako og kahimtang sa kalipay og katagbawan. Para nako, ang usa ka maayong weekend dili sukdon sa kadaghan sa mga lakaw o gastuhan, kondili sa pagbati nga napakahuhay ka, malipay ka, og andam ka nga moatubang sa bag-ong semana nga may bag-ong kusog og positibong hunahuna.",0.05470459518599562,22,1,2,434,0.01624815361890694,16,11,17,2681
CEB_010,Cebuano,male,Philippines,Tagalog / Filipino,Philippines - Manila (Tagalog),Linux,Mobile,289,35-44,True,native,004_006,36,"Ganahan ko maghigda sa udto, labi na kung human na ang tanan na kong buluhaton sa adlaw og wala nay daghang obligasyon nga kinahanglan asikasuhon pagkahuman sa gabii. Ang pagkatulog sa ulahi nga oras usahay mahimong usa ka pamaagi sa pag-relax og pag-enjoy sa personal nga oras. Sama sa pagtan-aw og salida, pagpaminaw og musika, pagbasa og libro, o simpleng pag-browse sa internet. Sa hilom nga kahimtang sa gabii, mas dali mag-focus og mas malinaw ang hunahuna tungod kay wala nay kaayoy samok gikan sa palibot. Mao nga ang udto nga oras mahimo usa ka panahon sa kalinaw og personal nga pahulay sa hunahuna. Bisan pa, pinauyan na, sabtan usab nga ang paghigda sa udto dili permi maayo para sa lawas og panglawas. Kung permi kulang tulog, dali mabati ang kakapoy, kasakit sa ulo, og kakulang sa konsentrasyon sa sunod nga adlaw. Ang kakulang sa tulog makaapekto sa performance sa trabaho o eskwela, og makapahinay sa reflexes og abilidad sa pagdesisyon. Mao nga bisan ganahan maghigda sa udto, ipaningunahan gihapon nga makabuot ang balanse tali sa pag-enjoy sa personal nga oras og sa paghatag sa lawas og igo nga pahulay. Sa kadugayan, mas maayong maghimo og regular nga eskedyul sa pagkatulog aron masanay ang lawas sa tukmang oras sa pagpahulay og pagmata. Ang disiplina sa oras sa pagkatulog makatabang sa paglig-on sa immune system, pagpaayo sa mood, og pagdugang sa enerhiya sa adlaw. Bisan kon naa pay mga gabii nga matulog og ulahi tungod sa trabaho, social activities, o personal nga interes, mas maayong buhaton kini sa panagsa ra og dili humuhang batasan. Sa katapusan, ang paghigda sa udto mahimong makahatag og kalipay og personal nga katagbawan, apan kinahanglan gihapon nga bantayan ang epekto niini sa lawas og hunahuna.","Ganahan ko'g higda sa udto, labi na kung human na ang tanan na kong buluhaton sa adlaw ug wala nay daghang obligasyon nga kinahanglan asikasuhon pagkahuman sa gabii. Ang pagkatulog sa ulahi nga oras usahay mahimong usa ka pamaagi sa pag-relax ug pag-enjoy sa personal nga oras. Sama sa pagtan-aw og salida, pagpaminaw og musika, pagbasa og libro, o simpleng pag-browse sa internet. Sa hilom nga kahimtang sa gabii, mas dali mag-focus ug mas malinaw ang hunahuna tungod kay wala nay kaayo'y samok gikan sa palibot. Mao nga ang udto nga oras mahimo usa ka panahon sa kalinaw ug personal nga pahulay sa hunahuna. Bisan pa pignya na, sabtan usab nga ang paghigda sa udto dili permi maayo para sa lawas ug panglawas. Kung permi kulang tulog, dali mabati ang kakapoy, kasakit sa ulo, ug kakulang sa konsentrasyon sa sunod nga adlaw. Ang kakulang sa tulog makaapekto sa performance sa trabaho o eskwela, ug makapahinay sa reflexes ug abilidad sa pagdesisyon. Mao nga bisan ganahan mohigda sa udto, nipaningunahan gihapon nga makabuot ang balanse tali sa pag-enjoy sa personal nga oras ug sa paghatag sa lawas og igo nga pahulay. Sa kadugayan, mas maayong maghimo og regular nga eskedul sa pagkatulog aron masanay ang lawas sa tukmang oras sa pagpahulay ug pagmata. Ang disiplina sa oras sa pagkatulog makatabang sa paglig-on sa immune system, pagpaayo sa mood, ug pagdugang sa enerhiya sa adlaw. Bisan kon naa pay mga gabii nga matulog og ulahi tungod sa trabaho, social activities, o personal nga interes, mas maayong buhaton kini sa panagsa ra ug dili humuhang batasan. Sa katapusan, ang paghigda sa udto mahimong makahatag og kalipay ug personal nga katagbawan, apan kinahanglan gihapon nga bantayan ang epekto niini sa lawas ug hunahuna.",0.07612456747404844,22,0,0,267,0.01611047180667434,18,7,3,1713
CEB_010,Cebuano,male,Philippines,Tagalog / Filipino,Philippines - Manila (Tagalog),Linux,Mobile,186,35-44,True,native,005_001,37,"Walo na ko ka tuig sa akong trabaho og hangtod karon padayon gihapon ko nga nagtrabaho sa parehas nga linya. Dili lalim ang magpabilin og dugay sa usa ka trabaho, labi na kung daghan kaayong pagsulay, kakapoy og mga sitwasyon nga usahay makapahunahuna nimo nga mohunong na lang sa sinugdanan. Daghan kaayong butang ang akong natun-an, dili lang teknikal nga kahanas, kondili usab ang disiplina, pagka mapalaibuton og magpag-atubang sa lain-laing klase sa mga tawo. Sa matag tuig nga molabay, mas nagkalig-on ang akong abilidad sa pagdumala sa trabaho og mas nasabtan nako kon unsa gyud ang akong papel og responsibilidad. Daghan nako nga nasinati nga kalisod sulod niining walo ka tuig. Adunay mga adlaw nga bug-at kaayo ang trabaho, kulang sa tulog og puno sa pressure tungod sa deadlines og expectations. Usahay mobati ko og kakapoy sa lawas og hunahuna og moabot sa punto nga gusto na lang ko mopahuway og dugay o mohunong sa akong gibuhat. Apan bisab pa ni ana, nagpabilin gihapon ko tungod kay kabalo ko nga ang akong trabaho mao ang usa sa nagsuporta sa akong pamilya og sa akong kaugalingon.","Walo na ko ka tuig sa akong trabaho ug hangtod karon padayon gihapon ko nga nagtrabaho sa parehas nga linya. Dili dalim ang magpabilin og dugay sa usa ka trabaho, labi na kung daghan kaayong pagsulay, kakapoy ug mga sitwasyon nga usahay makapahunahuna nimo nga mohunong na lang sa sinugdanan. Daghan kaayong butang ang akong natun-an, dili lang teknikal nga kahanas, kondili usab ang disiplina, pagka mapalaiybuton ug magpag-atubang sa lain-laing klase sa mga tawo. Sa matag tuig nga molabay, mas nagkalig-on ang akong abilidad sa pagdumala sa trabaho ug mas nasabtan nako kon unsa gyud ang akong papel ug responsibilidad. Daghan ako nga asinati nga kalisod sulod niining walo ka tuig. Adunay mga adlaw nga bug-at kaayo ang trabaho, kulang sa tulog ug puno sa pressure tungod sa deadlines ug expectations. Usahay mubati ko og kakapoy sa lawas og hunahuna og moabot sa punto nga gusto na lang ko mopahuway og dugay o mohunong sa akong gibuhat. Apan bisapa ni ana, nagpabilin gihapon ko tungod kay kabalo ko nga ang akong trabaho mao ang usa sa nagsuporta sa akong pamilya ug sa akong kaugalingon.",0.08064516129032258,14,1,0,171,0.01366120218579235,10,4,1,1084
CEB_001,Cebuano,female,Philippines,Tagalog / Filipino,Philippines - Manila (Tagalog),Windows,Desktop,512,35-44,False,conversational,005_002,38,"Kasagaran matulog ko mga alas dyes sa gabii. Alang kanako ang pagkatulog sa hustong oras usa ka importante nga bahin sa adlaw-adlaw nga kinabuhi tungod kay kini makatabang sa pagpahus-- pagpahuway sa lawas ug huna-huna human sa usa ka adlaw nga puno sa trabaho, pag-eskwela, mga buluhaton sa balay ug uban pang responsibilidad. Ang lawas nanginahanglan og igo ang paghulay aron mag-- mabawi ang kusog og maandam alang sa sunod nga adlaw. Mao nga naningkamot ko nga dili magdugay og mata ug magsunod sa usa ka regular nga e-schedule sa pagtulog. Sa dili pa moabot ang oras sa akong pagkatulog, paningkamotan nako nga mahuman ang tanan nako sa mga buluhaton. Kon adunay trabaho nga kinahanglan tapuson, assignment nga angay isumite, o mga buluhaton sa balay sama sa pagpanglimpyo ug pang-- pag-andam sa mga gamit alang sa sunod nga adlaw, akong himuon kini sa dili pa ko mosulod sa kwarto aron makapahulay. Mas sayon ang pagkatulog kon wala nakoy daghang gihunahuna nga wala pa mahuman. Usa sa akong naandam sa gabii mao ang paglimpyo ko sa akong kaugalingon sa dili pa matulog. Maghugas ko sa akong nawong, maglimpyo sa akong mga ngipon, ug usahay maligo kon init sa panahon ug gikan ko sa gawas. Ang pagbati nga limpyo ug prisko makatabang sa mas komportable nga pagkatulog. Human niini, akong ayohon sa akong higdaanan og suguruhon nga limpyo ang akong kwarto aron malinawon ang aking pagpahuway. Kasagaran, likayan nako ang sobra nga paggamit sa selpon o kompyuter sa dili pa mo-- matulog. Nasayod ko nga ang dugay nga pagtan-aw sa screen mahimong makapalisod sa pagtulog tungod kay ang kahayag gikan niini mahimong makapukaw sa mata og makapugong sa lawas nga mobati og katulogon. Mao nga kon hapit ang akong oras sa pagkatulog, akong ibutang sa kilid na-- ang akong mga gamit og mag-andam sa pagpahuway. Alang kanako, ang pagkatulog dili lamang usa ka pahulay kondili usa ka importante nga paagi sa pag-atiman sa kahimsog. Sa panahon sa pagkatulog, ang lawas nag-ayo sa kaugalingon, nagbawi sa kusog, og nag-andam alang sa mga buluhaton sa sunod nga adlaw. Kon kulang ang tulog, dali kong mabati ang kakapoy, kakulang sa konsentrasyon, ug usahay mahimong dili maayo ang mood. Mao ang gihatagan nako og bili ang igo og kalidad nga pagkatulog. Usahay adunay nga higayon nga malangan ang akong pagkatulog, pananglitan kon adunay importante nga proyekto, meeting sa sunod nga adlaw nga kinahanglan andamon, o espesyal nga okasyon uban sa pamilya. Mahimo kon matulog og alas onse o bisan hating gabi. Apan dili ko kini himuon matag adlaw tungod kay nasayod ko nga ang kanunay nga pagpuyat mahimong dili maayo alang sa paglawas. Kung adlaw sa paghulay sama sa Sabado o Domingo, usahay medyo malangan ang akong pagkatulog tungod kay wala koy sayo nga lakaw sa buntag. Apan bisan pa ni ana, dili ko gusto nga magpuyat hangtod kadlawon. Mas ganahan gihapon ko nga magpabilin ang regular nga iskedyul sa akong pagkatulog aron dili lisod ang pagmata sa sunod nga mga adlaw. Sa akong hunahuna, ang maayong kalidads, kalidad sa pagkatulog dili lamang nagdepende sa oras sa pagka","Kasagaran matulog ko mga alas diyes sa gabii. Alang kanako ang pagkatulog sa hustong oras usa ka importante nga bahin sa adlaw-adlaw nga kinabuhi tungod kay kini makatabang sa pagpahus-- pagpahuway sa lawas ug huna-huna human sa usa ka adlaw nga puno sa trabaho, pag-eskwela, mga buluhaton sa balay ug uban pang responsibilidad ang lawas nanginahanglan og igo ang paghulay aron mag-- mabawi ang kusog ug maandam alang sa sunod nga adlaw. Mao nga naningkamot ko nga dili magdugay og mata ug magsunod sa usa ka regular nga schedule sa pagtulog. Sa dili pa moabot ang oras sa akong pagkatulog, paningkamotan nako nga mahuman ang tanan nako sa mga buluhaton kon adunay trabaho nga kinahanglan tapuson, assignment nga angay isumite o mga buluhaton sa balay sama sa pagpanglimpyo og pang-- pag-andam sa mga gamit alang sa sunod nga adlaw. Akong himuon kini sa dili pa ko mosulod sa kwarto aron makapahulay. Mas sayon ang pagkatulog kon wala nakoy daghang gihunahuna nga wala pa mahuman. Usa sa akong naandam sa gabii mao ang paglimpyo ko sa akong kaugalingon sa dili pa matulog. Maghugas ko sa akong nawong, maglimpyo sa akong mga ngipon ug usahay maligo kon init sa panahon ug gikan gusa gawas. Ang pagbati nga limpyo ug prisko makatabang sa mas komportable nga pagkatulog. Human niini akong ayohon sa akong higdaanan og siguruhon nga limpyo ang akong kwarto aron malinawon ang aking pagpahuway. Kasagaran, likayan nako ang sobra nga paggamit sa selpon o kompyuter sa dili pa mo-- matulog. Nasayod ko nga ang dugay nga pagtan-aw sa screen mahimong makapalisod sa pagtulog tungod kay ang kahayag gikan niini mahimong makapukaw sa mata og makapugong sa lawas nga mobati og katulogon. Mao nga kon hapit ang akong oras sa pagkatulog, akong ibutang sa kilid ang akong mga gamit og mag-andam sa pagpahuway. Alang kanako ang pagkatulog dili lamang usa ka pahulay kondili usa ka importante nga paagi sa pag-atiman sa kahimsog. Sa panahon sa pagkatulog, ang lawas nag-ayo sa kaugalingon, nagbawi sa kusog og nag-andam alang sa mga buluhaton sa sunod nga adlaw. Kon kulang ang tulog, dali kong mabati ang kakapoy, kakulang sa konsentrasyon og usahay mahimong dili maayo ang mood. Mao ang gihatagan nako og bili ang igo og kalidad nga pagkatulog. Usahay adunay nga higayon nga malangan ang akong pagkatulog. Pananglitan, kon adunay importante nga proyekto, meeting sa sunod nga adlaw nga kinahanglan andamon o espesyal nga okasyon uban sa pamilya. Mahimo kon matulog og alas onse o bisan hateng gabii. Apan dili ko kini himuon matag adlaw tungod kay nasayod ko nga ang kanunay nga pagpuyat mahimong dili maayo alang sa paglawas. Kon adlaw sa paghulay sama sa Sabado o Domingo, usahay medyo malangan ang akong pagkatulog tungod kay wala koy sayo nga lakaw sa buntag. Apan bisan pa ni ana, dili ko gusto nga magpuyat hangtod kadlawon. Mas ganahan gihapon ko nga magpabilin ang regular nga iskedyul sa akong pagkatulog aron dili lisod ang pagmata sa sunod nga mga adlaw. Sa akong hunahuna, ang maayong kalidad, kalidad sa pagkatulog dili lamang nagdepende sa oras sa pagkatulog",0.056640625,27,2,0,483,0.01335940045617465,14,19,8,3036
CEB_001,Cebuano,female,Philippines,Tagalog / Filipino,Philippines - Manila (Tagalog),Windows,Desktop,503,35-44,False,conversational,005_003,39,"Kasagaran, mutulog ko nga gabii mga alas diyes hangtod alas onse depende sa akong mga buluhaton sa tibuok adlaw. Alang kanako ang hustong oras sa pagkatulog importante kaayo tungod kay kini makatabang sa pagpahuway sa lawas ug hunahuna. Human sa usa ka adlaw nga puno sa trabaho, pag-eskwela, ug uban pagresponsibilidad ang lawas, nahanginahanglan og igo nga pahulay aron mabawi ang kusog ug mahimong andam sa usab alang sa sunod nga adlaw. Sa dili pa ko matulog, akong siguruhon nga nahuman na ang akong mga kinahanglan buluhaton panaglitan. Kon adunay trabaho nga kinahanglan, mahuman assignment nga kinahanglan isumite o mga buluhaton sa balay. Paningkamotan nako a-nga mahuman kini sa dili pa ko mosaka sa higdaanan. Mas komportable ang akong pagbati kon walay daghang hunahuna sa akong dad-on sa pagkatulog. Kasagaran usab nga manglimpyo ko og sa akong higdaanan og sa kwarto sa dili pa ko matulog. Ganahan ko nga limpyo ug hapsay sa akong palibot kay mas sayon ang pagpahuway kon organisado ang kwarto. Human niini, manghugas ko sa akong nawong, maglimpyo sa akong mga ngipon, ug usahay maligo kon gikinahanglan. Kini nga mga batasan makatabang dili lamang sa kahimsog apan usab sa pagbati nga fresh ko ug komportable sa pagtulog- pagkatulog. Sa dili pa ko mopalong sa suga, usahay motan-aw ko sa oras aron masubay da- nako kon sayo ba ang ulahi na akong pagkatulog. Naningkamot ko nga dili kaayo magdugay sa paggamit sa cellphone o computer sa dili pa matulog kay usahay makapugong kini sa dali nga pagkatulog. Mas maayo nga ipahuway ang mata ug hunahuna aron dali nga makatulog ug maayo ang kalidad sa pahulay. Ang pagkatulog sa hustong oras, adunay daghang kaayohan. Una, makatabang kini sa paghatag og kusog alang sa sunod nga adlaw. Kon igo ang tulog, mas dali ang pagmata og mas aktibo ang pagbati. Mas maayo usab ang konsentrasyon sa trabaho o sa eskwela. Dili dali kapoyon og mas daghan ang mahuman nga buluhaton tungod kay alerto ang paghunahuna. Ikaduha, ang igo nga pagkatulog makatabang sa maayong paglawas. Sa panahon sa pagkatulog, ang lawas nag-ayo sa mga selula ug nag-andam alang sa sunod nga adlaw. Kon kulang ang tulog, mahimong mobati og kakapoy, sakit sa ulo, o kakulang sa kusog. Busa importante kaayo nga dili kanunay magpuyat kon dili man gyod kinahanglan. Usahay adunay mga higayon nga malangan ang akong pagkatulog pananglitan kon adunay importante nga trabaho nga kinahanglan mahuman. Espesyal nga okasyon o emerhensya, mahimong maulahi ang akong pagtulog apan paningkamotan gihapon nako nga makabawi sa paghulay sa sunod nga adlaw aron dili maapektuhan ang akong kahimsog. Kung adlaw sa pahulay sama sa Sabado o Domingo, usahay medyo malangan gamay ang akong pagkatulog tungod kay wala kaayo ko'y sayo nga lakaw sa sunod nga buntag. Bisan pa ni ana, dili ko gusto nga sobra kaulahi ang pagkatulog kay gusto gihapon nako nga magpabilin ang maayong eskedyul sa akong lawas. Ang regular nga oras sa pagkatulog makatabang aron dili lisod sa pagmata matag buntag. Sa akong hunahuna, ang pagkatulog dili angay tan-awon nga pag-usik sa oras-","Kasagaran, motulog ko nga gabii mga alas diyes hangtod alas onse, depende sa akong mga buluhaton sa tibuok adlaw. Alang kana ko ang hustong oras sa pagkatulog. Importante kaayo tungod kay kini makatabang sa pagpahulay sa lawas ug hunahuna. Human sa usa ka adlaw nga puno sa trabaho, pag-eskwela, ug uban pagresponsibilidad ang lawas, nanginahanglan og igo nga pahulay aron mabawi ang kusog ug mahimong andam sa usab alang sa sunod nga adlaw. Sa dili pa ko matulog, akong siguruhon nga nahuman na ang akong mga kinahanglan buluhaton pananglitan. Kon adunay trabaho nga kinahanglan mahuman, assignment nga kinahanglan i-sumite, o mga buluhaton sa balay. Paningkamotan nako a-nga mahuman kini sa dili pa ko mosaka sa higdaanan. Mas komportable ang akong pagbati kon walay daghang hunahuna sa akong dad-on sa pagkatulog. Kasagaran usab nga manglimpyo ko og sa akong higdaanan og sa kwarto sa dili pa ko matulog. Ganahan ko nga limpyo ug hapsay sa akong palibot kay mas sayon ang pagpahulay kon organisado ang kwarto. Human niini, manghugas ko sa akong nawong, maglimpyo sa akong mga ngipon, ug usahay maligo kon gikinahanglan. Kini nga mga batasan makatabang dili lamang sa kahimsog, apan usab sa pagbati nga fresh ko ug komportable sa pagtulog-- pagkatulog. Sa dili pa ko mopalong sa suga, usahay motan-aw ko sa oras aron masubay da-- nako kon sayo ba ang ulahi na akong pagkatulog. Naningkamot ko nga dili kaayo magdugay sa paggamit sa cellphone o computer sa dili pa matulog kay usahay makapugong kini sa dali nga pagkatulog. Mas maayo nga ipahulay ang mata ug hunahuna aron dali nga makatulog ug maayo ang kalidad sa pahulay. Ang pagkatulog sa hustong oras, adunay daghang kaayohan. Una, makatabang kini sa paghatag og kusog alang sa sunod nga adlaw. Kon igo ang tulog, mas dali ang pagmata og mas aktibo ang pagbati. Mas maayo usab ang konsentrasyon sa trabaho o sa eskwela. Dili dali kapoyon a, og mas daghan ang mahuman nga buluhaton tungod kay alerto ang paghunahuna. Ikaduha, ang igo nga pagkatulog makatabang sa maayong paglawas. Sa panahon sa pagtu-- pagkatulog, ang lawas nag-ayo sa mga selula ug nag-andam alang sa sunod nga adlaw. Kon kulang ang tulog, mahimong mobati og kakapoy, kip-- sakit sa ulo, o kakulang sa kusog. Busa importante kaayo nga dili ka o-- kanunay magpuyat kon dili man gyud kinahanglan. Usahay adunay mga higayon nga malangan ang akong pagkatulog. Pananglitan, kon adunay importante nga trabaho nga kinahanglan mahuman, espesyal nga okasyon o emerhensya, mahimong maulahi ang akong pagtulog, apan paningkamotan gihapon nako nga makabawi sa paghulay sa sunod nga adlaw aron dili maapektuhan ang akong kahimsog. Kung adlaw sa pahu-- pahulay sama sa Sabado o Domingo, usahay medyo malangan gamay ang akong pagkatulog tungod kay wala kaayo ko'y sayo nga lakaw sa sunod nga buntag. Bisan pa ni ana, dili ko gusto nga sobra kaulahi ang pagkatulog kay gusto gihapon nako nga magpabilin ang maayong eskedyul sa akong lawas. Ang regular nga oras sa pagkatulog makatabang aron dili lisod sa pagmata matag buntag. Sa akong hunahuna, ang pagkatulog dili angay tan-awon nga pag-usik sa oras",0.05964214711729622,23,0,7,480,0.018578878748370272,9,4,44,3055
CEB_001,Cebuano,female,Philippines,Tagalog / Filipino,Philippines - Manila (Tagalog),Windows,Desktop,464,35-44,False,conversational,005_004,40,"Oo, kabalo ko mogamit og computer. Sa karon nga panahon, ang kahibalo sa paggamit sa computer usa na importante kaayong abilidad. Halos tanang trabaho, eskwelahan, ug bisan ang adlaw-adlaw nga buluhaton nag-gamit na og teknolohiya. Tungod niini, dako kaayo ang kaayohan sa usa ka tawo kon kabalo siya mogamit og computer. Dili lamang kini makatabang sa pagtrabaho, apan makatabang sa usab sa pagkat-on, komunikasyon, ug pagdumala sa daghang buluhaton. Sa unang higayon nga nakagamit ko og computer, nagtuon ko sa pinakasayon nga mga butang sama sa pag-on ug pag-off niini. Human niini, nagkakat-on ko unsaon paggamit sa mouse ug keyboard. Sa sinugdanan, medyo lisod kay wala pa kos naanad sa pag-type ug sa paglihok sa cursor gamit ang mouse. Apan pinaagi sa kanunay nga practice ug paggamit, naanad ko ug nahimo kini nga dali alang kanako. Usa sa mga buluhaton nga akong kasagaran buhaton sa computer mao ang paghimo og mga dokumento. Gigamit nako ang word processing software aron makahimo og mga sulat, report, assignment, ug uban pag pang-importante nga papeles. Dako kaayo ang tabang niini tungko-- tungod kay sayon ra ang pag-edit sa sulod sa dokumento. Kon adunays ha-- sayop, dali lamang kini matul-- matul-id nga dili na kinahanglan magsugod pag-usab sama sa pagsulat pinaagi sa kamot. Kabalo usab ko mogamit og spreadsheet aron mag organ-- organisar sa datos ug maghimo og mga simpleng kalkulasyon. Mapuslanon kaayo kini kon adunay listahan sa mga gasto, budget, o impormasyon nga kinahanglan hapsay ang pagkahay-- han-ay. Ang e-spreadsheet makada-- makatabang sa pagtipig sa datos ug paghimo sa mga simpleng pormula aron mas sayon ang pagkalkula. Makagamit usab ko og prese-- presentation software kon kinahanglan ma-- maghimo og presentasyon. Kini makatabang sa pagpakita sa impormasyon pinaagi sa mga slide nga adunay teksto, hulagway, ug usahay mga chart. Ang maayong presentasyon mas sayon sabton sa mga nagtan-aw ug mang-- mas makapadani sa ilang atensyon. Ang computer usa usab ka importante nga himan sa pagkat-on. Pinaagi sa internet, dali kaayo ang pagpangita og impormasyon bahin sa lain-laing mga hilisgutan. Kon adunay assignment o gusto lamang makakat-on og bag-ong butang, daghan kaayong mapuslanong website, artikulo, ug educational videos nga mahimong tan-awon. Kini usa ka dakong tabang sa mga estudyante ug bisan sa mga nagtrabaho nga gusto magpadayon sa pagkat-on. Ang paggamit sa computer makatabang usab sa komunikasyon pinaagi sa email, video calls, ug messaging application. Dali nga makig i-storya sa pamilya, higala, o kauban sa trabaho bisan layo ang ilang lugar. Ilabi na sa panahon nga dali-dali ang pagbiyahe. Ang computer ug internet nahimong importante nga paagi aron magpabilin ang komunikasyon ug panagkonektar. Usa sa akong ganahan sa computer mao ang kahigayonan nga makat-on og bag-ong mga kahanas. Daghan ang libre nga online courses ug tutorials nga nagtudlo sa lain-laing mga hilisgutan sama sa graphic design, programming, language learning, accounting","Oo, kabalo ko mogamit og computer. Sa karon nga panahon, ang kahibalo sa paggamit sa computer usa na importanteng kaayong abilidad. Halos tanang trabaho, eskwelahan ug bisan ang adlaw-adlaw nga buluhaton nag-amit na og teknolohiya. Tungod niini, dako kaayo ang kaayohan sa usa ka tawo kon kabalo siya mogamit og computer. Dili lamang kini makatabang sa pagtrabaho, apan makatabang sa usab sa pagkat-on, komunikasyon ug pagdumala sa daghang buluhaton. Sa unang higayon nga nakagamit ko og computer, nagtuon ko sa pinakasayon nga mga butang sama sa pag-on ug pag-off niini. Human niini, nagkakat-on ko unsayon paggamit sa mouse ug keyboard. Sa sinugdanan, medyo lisod kay wala pa ko naanad sa pag-type ug sa paglihok sa cursor gamit ang mouse. Apan pinaagi sa kanunay nga practice ug paggamit, naanad ko ug nahimo kini nga dali alang kanako. Usa sa mga buluhaton nga akong kasagaran buhaton sa computer mao ang paghimo og mga dokumento. Gigamit nako ang word processing software aron makahimo og mga sulat, report, assignment ug uban pang pang-importante nga papeles. Dako kaayo ang tabang niini tungkung-- tungod kay sayon ra ang pag-edit sa sulod sa dokumento. Kon adunay sayop, dali lamang kini matul-id nga dili na kinahanglan magsugod pag-usab sama sa pagsulat pinaagi sa kamot. Kabalo usab ko mogamit og spreadsheet aron magorganisar sa datos ug maghimo og mga simpleng kalkulasyon. Mapuslanon kaayo kini kon adunay listahan sa mga gasto, budget o impormasyon nga kinahanglan hapsay ang pagkahan-ay. Ang spreadsheet makatabang sa pagtipig sa datos ug paghimo sa mga simpleng formula aron mas sayon ang pagkalkula. Makagamit usab ko og prese-presentation software kon kinahanglan maghimo og presentasyon. Kini makatabang sa pagpakita sa impormasyon pinaagi sa mga slide nga adunay teksto, hulagway ug usahay mga chart. Ang maayong presentasyon mas sayon sabton sa mga nagtan-aw ug mang-- mas makapadani sa ilang atensyon. Ang computer usa usab ka importante nga himan sa pagkat-on. Pinaagi sa internet, dali kaayo ang pagpangita og impormasyon bahin sa lain-laing mga hilisgutan. Kon adunay assignment o gusto lamang makakat-on og bag-ong butang, daghan kaayong mapuslanong website, artikulo ug edukasyonal videos nga mahimong tan-awon. Kini usa ka dakong tabang sa mga estudyante ug bisan sa mga nagtrabaho nga gusto magpadayon sa pagkat-on. Ang paggamit sa computer makatabang usab sa komunikasyon pinaagi sa email, video calls ug messaging application. Dali nga makigstorya sa pamilya, higala o kauban sa trabaho bisan layo ang ilang lugar. Ilabi na sa panahon nga dali-dali ang pagbiyahe. Ang computer ug internet nahimong importante nga paagi aron magpabilin ang komunikasyon ug panagkonektar. Usa sa akong ganahan sa computer mao ang kahigayonan nga makakat-on og bag-ong mga kahanas. Daghan ang libre nga online courses ug tutorials nga nagtudlo sa lain-laing mga hilisgutan sama sa graphic design, programming language learning, accounting",0.07112068965517242,24,9,0,431,0.024642024642024644,5,61,8,2937
CEB_001,Cebuano,female,Philippines,Tagalog / Filipino,Philippines - Manila (Tagalog),Windows,Desktop,453,35-44,False,conversational,005_005,41,"Oo, adunay koy opinyon bahin sa artificial intelligence o AI. Alang kanako, ang artificial intelligence usa sa labing importante nga kalamboan sa teknolohiya sa atong panahon. Kini usa ka sistema nga makahimo sa pagbuhat sa pipila ka mga buluhaton sa-- nga kasagaran ginabuhat sa tawo, sama sa pag-analisar sa impormasyon, pag-ila sa mga hulagway ug tingog, paghubad sa pinulongan ug paghatag og mga tubag sa lain-laing mga pangutana. Bisan pa man sa daghang kaayohan niini, nagtuo ko nga kinahanglan kini gamiton sa maalamon, responsable ug adunay. Gusto nga pagdumala arun, makisiguro nga kini makatabang sa katawhan ug dili mahimong hinungdan sa problema. Sa miaging nga mga tuig, kusog kaayo ang pag-uswag sa artificial intelligence. Kaniadto ang AI makita lamang sa mga salida sa telebisyon o sine nga nagpakita og mga robot nga makahunahuna sama sa tawo. Karun nahimo na kini nga bahin sa atong adlaw-adlaw nga kinabuhi. Daghan sa atong gigamit nga mga ap-aplikasyon, serbisyo adunay AI nga nagtabang aron mahimong mas sayon ang atong mga bul-buluhaton. Panaglitan ang search engine, navigation apps, translation tools ug mga virtual assistants nagamit sa AI aron makahatag ug mas tukma ug mas paspas nga serbisyo. Usa akong nakita nga pinakadakong bintaha sa artificial intelligence mao ang iyang abilidad sa pagsayon sa trabaho. Daghan buluhaton nga kaniadto nagkinahanglan ug daghang oras ma-mahimo sa nakaron mahuman sulod lamang sa pipila ka minuto. Pananglitan, ang pag-organisar sa datos, paghimo ug report, pag-analisar sa impormasyon ug pagtabang sa pagsulat mahimong mapaspasan pinaagi sa AI. Kini makatabang sa mga empleyado aron mas makahatag sila og panahon sa uban pag-importante nga ang buluhaton. Sa edukesyonal, dako usab ang natabang sa artificial intelligence. Ang mga estudyante makahimo og research, makapangutana bahin sa ilang leksyon ug makadawat og dugang nga kasayuran pinaagi sa AI. Ang mga magtutudlo usab mahimong mogamit niini aron makahimo og lesson plans, quizzes ug educational materials. Apan nagtuo ko nga ang AI dili angay mahimong kapuli sa tinuod nga pagtuon. Importante gihapon nga ang estudyante masabot sa ilang gieskwelahan pinaagi sa kaugalingong paningkamot og kritikal nga paghunahuna. Sa natad sa medisina, ang artificial intelligence adunay dakong potensyal. Makatabang kini sa mga doktor sa pag-analisar sa mga resulta sa laboratoryo, pagtan-aw sa medical images ug paghatag og dugang nga impormasyon aron mas dali makab-ut ang tukmang diagnosis. Dili kini nagpasabot nga mapalihan ang doktor, kung dili usa kini ka himan nga makatabang aron mahimong mas epesyente ug mas tukma ang pag-atiman sa pasyente. Sa negosyo, daghang kompanya ang magamit sa AI aron mapauswag ang ilang serbisyo. Mahimo kini gamiton sa pagdumala sa inventory, pagtagna sa panginahanglan sa merkado, pag-atiman sa customer. Thats-- aron makahimo og maayong desisyon ang paggamit sa AI, makatabang sa pagpalambo sa kalidad sa serbisyo ug sa pag-","Oo, adunay koy opinyon bahin sa artificial intelligence o AI. Alang kanako, ang artificial intelligence usa sa labing importante nga kalamboan sa teknolohiya sa atong panahon. Kini usa ka sistema nga makahimo sa pagbuhat sa pipila ka mga buluhaton sa-- nga kasagaran ginabuhat sa tawo, sama sa pag-analisar sa impormasyon, pag-ila sa mga hulagway og tingog, paghubad sa pinulongan ug paghatag og mga tubag sa lain-laing mga pangutana. Bisan pa man sa daghang kaayohan niini, nagtuo ko nga kinahanglan kini gamiton sa maalamon, responsable ug adunay. Gusto nga pagdumalaaron, makisiguro nga kini makatabang sa katawuhan ug dili mahimong hinungdan sa problema. Sa miaging nga mga tuig, kusog kaayo ang pag-uswag sa artificial intelligence. Kadto ang AI makita lamang sa mga salida sa telebisyon o sine nga nagpakita og mga robot nga makahuna-huna sama sa tawo. Karun nahimo na kini nga bahin sa atong adlaw-adlaw nga kinabuhi. Daghan sa atong gigamit nga mga [ingay] ap-aplikasyon, serbisyo adunay AI nga nagtabang aron mahimong mas sayon ang atong mga bul-buluhaton. Panaglitaan ang search engine, navigation apps, translation tools ug mga virtual assistants nagamit sa AI aron makahatag og mas tukma ug mas paspas nga serbisyo. Usa akong nakita nga pinakadakong bentaha sa artificial intelligence mao ang iyang abilidad sa pagsayon sa trabaho. Daghan buluhaton nga kadto nagkinahanglan og daghang oras na-mahimo sa nakaron, mahuman sulod lamang sa pipila ka minuto. Pananglitan, ang pag-organisar sa datos, paghimo og report, pag-analisar sa impormasyon ug pagtabang sa pagsulat mahimong mapaspasan pinaagi sa AI. Kini makatabang sa mga empleyado aron mas makahatag sila og panahon sa uban pag-importante nga ang buluhaton. Sa edukasyonal, dako usab ang natabang sa artificial intelligence. Ang mga estudyante makahimo og research, makapangutana bahin sa ilang leksyon ug makadawat og dugang nga kasayuran pinaagi sa AI. Ang mga magtutudlo usab mahimong mogamit niini aron makahimo og lesson plans, quizzes ug educational materials. Apan nagtuo ko nga ang AI dili angay mahimong kapuli sa tinuod nga pagtuon. Importante gihapon nga ang estudyante masabot sa ilang gieskwelahan pinaagi sa kaugalingong paningkamot og kritikal nga paghuna-huna. Sa natad sa medisina, ang artificial intelligence adunay dakong potensyal. Makatabang kini sa mga doktor sa pag-analisar sa mga resulta sa laboratoryo, pagtan-aw sa medical images ug paghatag og dugang nga impormasyon aron mas dali makaabot ang tukmang diagnosis. Dili kini nagpasabot nga mapalihan ang doktor, kondili usa kini ka himan nga makatabang aron mahimong mas epesyente ug mas tukma ang pag-atiman sa pasyente. Sa negosyo, daghang kompanya ang magamit sa AI aron mapauswag ang ilang serbisyo. Mahimo kini gamiton sa pagdumala sa inventory, pagtagna sa panginahanglan sa merkado, pag-atiman sa customer. Thats-- aron makahimo og maayong desisyon ang paggamit sa AI, makatabang sa pagpalambo sa kalidad sa serbisyo ug sa pagpa",0.046357615894039736,18,2,1,433,0.012113055181695828,11,10,15,2951
CEB_001,Cebuano,female,Philippines,Tagalog / Filipino,Philippines - Manila (Tagalog),Windows,Desktop,482,35-44,False,conversational,006_001,42,"Oo, mopalit ko online usahay tungod kay kini sayon, dali og makadaginot sa oras sa karon nga panahon. Daghan na kaayo ang mga tawo nga nagamit sa internet aron mamalit sa ilang mga kinahanglanon pinaagi lamang sa usa ka cellphone, tablet, o kompyuter nga adunay koneksyon sa internet. Mahimo na nga makapangita og makapalit og lain-laing mga produkto bisan wala na mo gawas sa balay. Kini nga paagi sa pamalit nahimong popular tungod kay mas kombenyente kini alang sa daghang tawo, labi sa-- na sa mga busy sa trabaho, pag-eskwela o pag-atiman sa pamilya. Sa akong kasinatian, ang online shopping usa ka dako nga tabang sa adlaw-adlaw nga kinabuhi. Imbis nga mobiyahe pa padulong sa mall o merkado, mahimo na lang ko magtan-aw sa mga online shopping application ug pagpili sa akong gusto. Daghan kaayo mapilian nga ang mga produkto sama sa sinina, sapatos, gamit sa balay, gadgets, libro, kosmetiko ug bisan pagkaon. Mas dali usab ang pagpangita sa eksaktong butang nga akong gini-- giikinahanglan tungod kay adunay search feature og mga kategorya nga makatabang sa pagpili. Usa sa bentahan sa online shopping mao ang kadaghan sa mapilian nga produkto. Usa lamang ka tindahan sa internet makakita ka og daghang klase sa parehas nga produkto gikan sa lain-laing mga brand ug nagkalain-laing presyo. Tungod niini, dali nga makakompara sa usa ka mamilitayug makapili sa pinakamaayo ug pinakabarato nga kapilian. Dili sama sa ordinaryong tindahan nga limitado lamang ang ilang stock, ang stock stores kasagaran adunay daghan pagpilian. Ganahan usab ko sa online shopping tungod kay kasagaran adunay nga diskwento ug espesyal nga promosyon. Adunay nga sale sama sa monthly sale, payday sale ug holiday sale. Diin dako ang motigom nga kwarta. Usahay adunay libre nga shipping voucher ug cashback nga makatabang aron mas maubos ang gasto. Kon maampingon ang usa ka mamil tay ug mobalo mopili sa hustong panahon sa pagpamalit, makadaginot siya og dako. Laing nindot nga bahin sa online shopping mao ang kahigayonan nga makabasa og reviews gikan sa ubang mga kapalit na ang ilang mga komento ug rating makatabang sa pagdesisyon kon maayo ba ang kalidad sa usa ka produkto. Kong daghan ang positibong review, mas mosalig ko sa akong paliton. Apan kon daghan ang reklamo bahin sa kalidad ug serbisyo, makita na lang ko og lain tindahan o produkto. Bisan pa sa daghang kaayohan sa online shopping, adunay usab kini ang disbentaha. Usahay ang produkto nga moabot dili parehas sa hulagway nga gipakita sa internet. Mahimong lahi ang kolor, sukod o kalidad. Mao nga importante nga basahon pag-ayo ang description sa produkto ug tan-awon ang mga litrato ug review sa ubang mamalitay aron malikayan ang kapakyasan. Adunay usab posibilidad nga madugay ang pag-abot sa order kon usahay adunay kusog nga ulan, bagyo o daghang order nga giproseso. Mahimong malangan ang delivery. Busan kong ang produkto kinahanglanon dayon, mas maayo usahay nga mopalit na lang sa pisikal nga tindahan","Oo, mopalit ko online usahay tungod kay kini sayon, dali ug makadaginot sa oras sa karon nga panahon. Daghan na kaayo ang mga tawo nga naggamit sa internet aron mamatlit sa ilang mga kinahanglanon pinaagi lamang sa usa ka cellphone, tablet o kompyuter nga adunay koneksyon sa internet. Mahimo na nga makapangita ug makapalit og lain-laing mga produkto bisan wala na mo gawas sa balay. Kini nga paagi sa pamatlit nahimong popular tungod kay mas kombenyente kini alang sa daghang tawo, labi sa-- na sa mga busy sa trabaho, pag-eskwela o pag-atiman sa pamilya. Sa akong kasinatian, ang online shopping usa ka dako nga tabang sa adlaw-adlaw nga kinabuhi. Imbis nga mobiyahe pa padulong sa mall o merkado, mahimo na lang ko magtan-aw sa mga online shopping application ug pagpili sa akong gusto. Daghan kaayo mapilian nga ang mga produkto sama sa sinina, sapatos, gamit sa balay, gadgets, libro, kosmetiko ug bisan pagkaon. Mas dali usab ang pagpangita sa eksaktong butang nga akong gini-- gikinahanglan tungod kay adunay search feature ug mga kategorya nga makatabang sa pagpili. Usa sa bentahan sa online shopping mao ang kadaghan sa mapilian nga produkto. Usa lamang ka tindahan sa internet makakita ka og daghang klase sa parehas nga produkto gikan sa lain-laing mga brand ug nagkalain-laing presyo. Tungod niini, dali nga makakompara sa usa ka mamilita og makapili sa pinakamaayo ug pinakabarato nga kapilian. Dili sama sa ordinaryong tindahan nga limitado lamang ang ilang stock, ang stock stores kasagaran adunay daghan pagpilian. Ganahan usab ko sa online shopping tungod kay kasagaran adunay nga diskwento ug espesyal nga promosyon. Adunay nga sale sama sa monthly sale, payday sale ug holiday sale. Diin dako ang motigom nga kwarta. Usahay adunay libre nga shipping voucher ug cashback nga makatabang aron mas maubos ang gasto. [ubo] Kung maampingon ang usa ka mamilita ug mobalo mopili sa hustoong panahon sa pagpamatlit, makadaginot siya og dako. Laing nindot nga bahin sa online shopping mao ang kahigayonan nga makabasa og reviews gikan sa ubang mga kapalit nga ang ilang mga komento ug rating makatabang sa pagdesisyon kung maayo ba ang kalidad sa usa ka produkto. Kung daghan ang positibong review, mas mosalig ko sa akong paliton. Apan kon daghan ang reklamo bahin sa kalidad ug serbisyo, makita na lang ko og lain tindahan o produkto. Bisan pa sa daghang kaayohan sa online shopping, adunay usab kini ang disbentaha. Usahay ang produkto nga moabot dili parehas sa hulagway nga gipakita sa internet. Mahimong lahi ang kolor, sukod o kalidad. Mao nga importante nga basahon pag-ayo ang description sa produkto ug tan-awon ang mga litrato ug review sa ubang mamilita aron malikayan ang kapakyasan. Adunay usab posibilidad nga madugay ang pag-abot sa order kon usahay adunay kusog nga ulan, bagyo o daghang order nga giproseso. Mahimong malangan ang delivery. Busan kong ang produkto kinahanglanon dayon, mas maayo usahay nga mopalit na lang sa pisikal nga tindahan",0.04149377593360996,17,1,2,464,0.009446693657219974,10,4,14,2950
CEB_001,Cebuano,female,Philippines,Tagalog / Filipino,Philippines - Manila (Tagalog),Windows,Desktop,493,35-44,False,conversational,006_002,43,"Kasagaran momatako sa alas sais sa buntag. Alang kanako ang pagmata sayo usa ka maayong batasan nga makatabang sa pagplano sa adlaw ug sa pagkumpleto sa daghang buluhaton. Kon sayo ko makamata, adunay igong nga panahon aron maandam ang tanan nga akong kinahanglan buhaton sa dili pa magsugod ang trabaho, eskwela o uban pang mga responsibilidad. Ang pagmata sa hustong oras naghatag usab kanako og higayon nga magsugod sa adlaw nga kalmado ug organisado. Sa dihang motingog ang alarm sa buntag, paningkamotan nako nga mubangon dayon. Dili ko gusto nga magsige og pindot sa snooze button tungod kay usahay makadugang lamang kini sa pagbati sa kakapoy. Mas maayo, mas maayo nga mubangon dayon aron maanad ang lawas sa regular nga eskedul sa pagmata. Human sa pipila ka minuto, maanad ang akong lawas ug dili na kaayo lisod ang pagbangon. Ang unang akong buhaton kon makamata ko mao ang pagpasalamat sa bag-ong adlaw. Malipay ko nga adunay bag-ong higayon aron makahimo og maayo, makaton og bag-ong butang ug makig kita sa akong pamilya ug mga higala. Ang positibong pagsugod sa adlaw makatabang sa paghatag og maayong pagbati ug kusog sa tibuok adlaw. Human sa pagmata, akon ayohon ang akong higdaanan. Bisan yano lamang kini nga buluhaton, dako ang iyang epekto sa akong adlaw. Ang limpyo ug hapsay nga higdaanan makahatag og pagbati nga organisado ang akong palibot. Nakatabang usab kini aron mahimong mas disiplinado ko sa pagbuhat sa uban pag mga responsibilidad. Sunod, maghugas ko sa akong nawong ug maglimpyo sa akong mga ngipon. Kini makatabang aron mawala ang kahinga tulog ug mobati ko nga prisko. Usahay maligo usab ko sa buntag aron mas aktibo ang akong lawas ug andam sa pagsugod sa adlaw. Ang pag-atiman sa personal nga kahinlo importante kaayo alang sa maayong paglawas og maayong impresyon sa uban. Human sa akong personal nga pangandam, mokaon ko og pamahaw. Nagtoo ko nga ang pamahaw usa sa labing importante nga pagkaon sa adlaw tungod kay kini maoy naghatag og kusog alang sa akong mga buluhaton. Paningkamotan nako nga mokaon og balanse nga pagkaon sama sa tinapay, itlog, prutas, lugaw o uban pang masustansyang pagkaon. Usahay moinom usab ko og kape ug gatas depende sa akong gusto og paning panginahanglan. Kon nahuman na ang pamahaw, magsugod ko sa pag-andam sa akong mga kinahanglanon alang sa adlaw. Kon adunay trabaho, akon tan-awon ang akong mga dokumento ug siguruhon nga kumpleto ang tanan. Kon adunay mga buluhaton sa balay, akong himuon kini sa husto nga oras aron dili magdugan, dungan ang tanan nga trabaho. Ganahan ko nga mumata sayo tungod kay hilom pa ang palibot, ang priskong hangin sa buntag ug ang malinawon nga kahimtang makatabang sa paghunahuna og pagplano sa adlaw. Ang kahayag sa adlaw nga pagsugod pa lamang mosidlak makahatag usab og positibong pagbati og inspirasyon. Usa sa mga kaayohan sa sayong pagmata mao nga adunay igo sa panahon sa pagbuhat sa mga buluhaton nga dili kinahanglan magdali. Kon ulahi na ang pagmata, dali-","Kasagaran mamatak ko sa alas sais sa buntag. Alang kanako ang pagmata sayo usa ka maayong batasan nga makatabang sa pagplano sa adlaw ug sa pagkumpleto sa daghang buluhaton. Kon sayo ko makamata, adunay igo nga panahon aron maandam ang tanan nga akong kinahanglan buhaton sa dili pa magsugod ang trabaho, eskwela o uban pang mga responsibilidad. Ang pagmata sa hustong oras naghatag usab kanako og higayon nga magsugod sa adlaw nga kalmado ug organisado. Sa dihang motingog ang alarm sa buntag, paningkamotan nako nga mobangon dayon. Dili ko gusto nga magsige og pindot sa snooze button tungod kay usahay makadugang lamang kini sa pagbati sa kakapoy. Mas maayo, mas maayo nga mobangon dayon aron maanad ang lawas sa regular nga eskedul sa pagmata. Human sa pipila ka minuto, maanad ang akong lawas ug dili na kaayo lisod ang pagbangon. Ang unang akong buhaton kon makamata ko mao ang pagpasalamat sa bag-ong adlaw. Malipay ko nga adunay bag-ong higayon aron makahimo og maayo, makaton og bag-ong butang ug makikita sa akong pamilya ug mga higala. Ang positibong pagsugod sa adlaw makatabang sa paghatag og maayong pagbati ug kusog sa tibuok adlaw. Human sa pagmata, akon ayohon ang akong higdaanan. Bisan niana lamang kini nga buluhaton, dako ang iyang efekto sa akong adlaw. Ang limpyo ug hapsay nga higdaanan makahatag og pagbati nga organisado ang akong palibot. Nakatabang usab kini aron mahimong mas disiplinado ko sa pagbuhat sa uban pag mga responsibilidad. Sunod, maghugas ko sa akong nawong ug maglimpyo sa akong mga ngipon. Kini makatabang aron mawala ang kahinga tulog ug mobati ko nga prisko. Usahay maligo usab ko sa buntag aron mas aktibo ang akong lawas ug andam sa pagsugod sa adlaw. Ang pag-atiman sa personal nga kahimlo importante kaayo alang sa maayong paglawas og maayong impresyon sa uban. Human sa akong personal nga pangandam, mokaon ko og pamahaw. Nagtuo ko nga ang pamahaw usa sa labing importante nga pagkaon sa adlaw tungod kay kini maoy naghatag og kusog alang sa akong mga buluhaton. Paningkamotan nako nga mokaon og balanse nga pagkaon sama sa tinapay, itlog, prutas, lugaw o uban pang masustansyang pagkaon. Usahay mo-inom usab ko og kape o gatas depende sa akong gusto ug paning-- panginahanglan. Kon nahuman na ang pamahaw, magsugod ko sa pag-andam sa akong mga kinahanglanon alang sa adlaw. Kon adunay trabaho, akon tan-awon ang akong mga dokumento ug siguruhon nga kumpleto ang tanan. Kon adunay mga buluhaton sa balay, akong himuon kini sa husto nga oras aron dili magduga-- dungan ang tanan nga trabaho. Ganahan ko nga mamatay sayo tungod kay hilom pa ang palibot. Ang priskong hangin sa buntag ug ang malinawon nga kahimtang makatabang sa paghunahuna ug pagplano sa adlaw. Ang kahayag sa adlaw nga pagsugod pa lamang mosidlak makahatag usab og positibong pagbati ug inspirasyon. Usa sa mga kaayohan sa sayong pagmata mao nga adunay igo sa panahon sa pagbuhat sa mga buluhaton nga dili kinahanglan magdali. Kon ulahi na ang pagmata, dali-",0.04259634888438134,19,1,1,473,0.009751176866173503,17,5,7,2952
CEB_009,Cebuano,male,Philippines,Tagalog / Filipino,Philippines - Manila (Tagalog),Linux,Mobile,173,18-24,True,native,006_003,44,"Ang akong gustong nga regalo kay simpleng butang. Wala eh. Mag basa ra ko. Para nako dili kinahanglan mahal o branded ang regalo. Ang importante naa syay kahulugan ug nagpakita nga giisip ko sa tawo nga naghatag. Halimbawa, pwede nga favorite nga snack, libro nga interesado ko, o bisan gamay nga souvenir nga nagpinundom sa usa ka espesyal nga okasyon. Bukod sa meaning,na ganahan pod ko sa regalo nga praktikal magamit sa adlaw adlaw. Mas maayo kung makatabang siya kong sa akong routine o makahatag convenience sama sa planner, mug o earphones. Para sa ako, ang regalo dili lang para sa materyal nga butang, kundi usab pod kapaagi nga ma feel nako ang effort ug thoughtfulness sa naghatag. Ang tinuod, bisan simple nga regalo basta gikan sa puso, dako na kaayog impact sa ako. Makahatag siya og kalipay, feeling nga gi appreciate ko, ug mobalik pod sa positive vibes sa relasyon sa naghatag. Para sa ako, mao gyud ni ang pinaka importante nga regalo ug ang kahulugan ug ang effort nga nagpaluob niini.","Ang akong gustong nga regalo kay simpleng butang. [laughs] Wala eh. Mag-basar ko. Para nako dili kinahanglan mahal o branded ang regalo. Ang importante naay kahulugan ug nagpakita nga giisip ko sa tawo nga naghatag. Halimbawa, pwede nga favorite nga snack, libro nga interesado ko, o bisan gamay nga souvenir nga napinundom sa usa ka espesyal nga okasyon. Bukod sa meaning, daganahan pod ko sa regalo nga praktikal magamit sa adlaw-adlaw. Mas maayo kung makatabang siya ko sa akong routine o maghatod convenience sama sa planner, mug, o earphones. Para sa ako, ang regalo dili lang para sa materyal nga butang, kundi usab pod kapaeagi nga ma-feel nako ang effort ug thoughtfulness sa naghatag. Ang tinuod, bisan simpleng regalo basta gikan sa puso, dako na kaayo'g impact sa ako. Maghatag siya og kalipay, feeling nga gi-appreciate ko, ug mobalik pod sa positive vibes sa relasyon sa naghatag. Para sa ako, mao gyud niyang pinaka-importante nga regalo, ang kahulugan ug ang effort nga nagpaluob niini.",0.1676300578034682,18,10,1,145,0.04083665338645418,12,16,13,976
CEB_009,Cebuano,male,Philippines,Tagalog / Filipino,Philippines - Manila (Tagalog),Linux,Mobile,180,18-24,True,native,006_004,45,"Ah, oo, makaon ko biskang gabii pero dili ra pud kanunay. Para sa ako, depende ra gyud sa sitwasyon. Kung grabe na ang gutom o dili pa ko makatulog tungod sa trabaho o laing pang-rasyon, makaon ko gamay pero dili ko mag-- dili ko mogutom og makatulog og tarong. Kasagaran, dili, pili ra akong light nga pagkaon pasama sa prutas, snacks o kape para dili pud mabug-atan ang akong tiyan. Para nako, importante nga hinayhinay ra ang pagkaon sa tunga gabii aron dili maapektuhan ang tulog ug digestion. Kung sobra ang kaon, makapalisud sa pagtulog ug makapagbati og discomfort sa tiyan. Apan, kung sakto lang ug simple, makatabang kini og mapugnan ang sobra nga pagkagutom ug makapadayon sa akong routine sa sunod nga adlaw nga dili gutomon o walay energy. Bisan pa man, gipaninguha pud nako nga dili permi mokaon sa tunga gabii kay kabalo ko nga mas maayo kung mamentain ang balance sa pagkaon sa tulog. Sa akong panan-aw, ang pagkaon sa gabii kay okay lang kung necessary. Apan, kinahanglan hinayhinayug hinumdoman nga ang lawas kinahanglan pud og pahulay.","Ah, oo, makaon ko gustong gabii pero dili ra pod kanunay. Para sa ko, depende ra gyud sa sitwasyon. Kung grabe na ang gutom o dili pa ko makatulog tungod sa trabaho o laing pang-rasyon, makaon ko gamay pero dili ko mag-- dili ko mogutom og makatulog og tarong. Kasagaran, dili, pili ra akong light nga pagkaon pasama sa prutas, snacks o kape para dili pod mabut-an ta ang akong tiyan. Para nako, importante nga hinahina ra ang pagkaon sa tunga nga gabii aron dili maapektuhan ang tulog ug digestion. Kung sobra ang kaon, makapalisod sa pagtulog ug makapagbati og discomfort sa tiyan. Apan, kung sakto lang ug simple, makatabang kini og mapugnan ang sobra nga pagkagutom ug makapadayon sa akong routine sa sunod nga adlaw nga dili gutomon o walay energy. Bisan pa man, gipaninguha pod nako nga dili permi mokaon sa tunga gabii kay kabalo ko nga mas maayo kung mamentain ang balance sa pagkaon sa tulog. Sa akong panan-aw, ang pagkaon sa gabii kay okay lang kung necessary. Apan, kinahanglan hinahina ug hinumdoman nga ang lawas kinahanglan pod og pahulay.",0.07222222222222222,10,0,3,170,0.020892687559354226,11,5,6,1037
CEB_009,Cebuano,male,Philippines,Tagalog / Filipino,Philippines - Manila (Tagalog),Linux,Mobile,185,18-24,True,native,006_005,46,"Ah, oo, ganahan ko sa mga alahas pero para sa ako dili lang siya basta pampa-gwapo o fashion statement. Para nako, ang alahas nagrepresentar sa personal style, personality ug special moments. Ah, example, ang usa ka singsing o kwintas mahimo nimong memorya sa espesyal nga okasyon o regalo gikan sa tawo nga mahal nimo. Ang alahas, bisan simple lang, makahatag og sense of value ug connection sa mga memories nga nagpalibot niini. Bukod sa aesthetics, ganahan pod ko sa alahas tungod sa kay naghatag siya og confidence ug self-expression. Kung magsul-ob ka og accessories nga bagay sa akong outfit, mas komportable ug mas experience nak-- ma-express nako akong style o mood sa adlaw nga iyon. Ang alahas para nako dili lang materyal nga butang. Isa kini ka paagi nga para ipakita ang kawalingon nga mas mahimong presentable sa uban. Para sa ko, ang importante sa alahas dili lang ang presyo o brand, kondi ang kahulugan ug style nga dala niini. Bisan simple lang nga bracelet o pendant, kung meaningful siya o bagay sa personalidad nimo, dako na kayong impact sa confidence ug overall nga impression.","Ah, oo, ganahan ko sa mga alahas pero para sa ako dili lang siya basta pampa-gwapo o fashion statement. Para nako, ang alahas nagrepresentar sa personal style, personality ug special moments. Ah, example, ang usa ka singsing o kwintas mahimo nimong memorya sa espesyal nga okasyon o regalo gikan sa tawo nga mahal nimo. Ang alahas, bisan simple lang, magahatag og sense of value ug connection sa mga memories nga nagpalibot niini. Bukod sa aesthetics, ganahan pod ko sa alahas tungod sa kay naghatag siya og confidence ug self-expression. Kung magsul-ob ka og accessories nga bagay sa akong outfit, mas komportable ug mas experience nak-- ma-express nako akong style o mood sa adlaw nga iyaon. Ang alahas para nako dili lang materyal nga butang. Isa kini ka paagi nga para ipakita ang kawalingon nga mas mahimong presentable sa uban. Para sa ako, ang importante sa alahas dili lang ang presyo o brand, kondi ang kahulugan ug style nga dala niini. Bisan simple lang nga bracelet o pendant, kung meaningful siya o bagay sa personalidad nimo, dako na kayong impact sa confidence ug overall nga impression.",0.016216216216216217,3,0,0,182,0.0027272727272727275,1,0,2,1099
CEB_009,Cebuano,male,Philippines,Tagalog / Filipino,Philippines - Manila (Tagalog),Linux,Mobile,233,18-24,True,native,006_006,47,"Ang akong paborito gid nga sports kay basketball ug daghan gid ko og rason nganong ganahan ko ani. Para nako mangud, ang basketball dili lang basta dula nga makalingaw. Isa kini ka activity nga nag-develop sa teamwork, strategy ug physical fitness. Sa basketball, kinahanglan nga magti-- magtinabangay ang team, mag-pass sa bola, mag-depensa ug magplano sa mga moves nga nakatabang kini sa akong pag-responsible nga pagka-operative sa grupo. Bukod sa teamwork, ganahan pod ko sa basketball tungod sa exercise ug challenge nga dala niini. Makalayo ka sa stress samtang nagdagan, nag-jump ug nag-dribble sa court. Nakakat-on pod ko nga mag-focus, magdesisyon sa dali nga panahon ug mag-adjust sa mga sitwasyon. Sa dula, kusog ang pace ug dili pwede mag-hesitate. Para sa ako, thrilling ug rewarding nga makita ang resulta sa teamwork ug effort, labi na kung makascor ug daog sa dula. Ang basketball, para nako, usa sa-- usa ka social activity. Dili lang siya para, para sa competition, kundi para pod sa bonding sa barkada ug sa mga kauban sa team. Minsan, ang pag-practice o friendly games nagahatag og oportunidad nga magkatawa, mag-istorya ug mag-enjoy bisan walay pressure sa tournament. Sa kabuuan, ganahan ko sa basketball tungod sa combination sa physical activity, mental challenge, teamwork ug fun moments nga dala niini. Para nako, dili lang siya sport, kondi usa ka experience nga maghatag og kalipay, energy ug sense of accomplishment sa matag dula.","Ang akong paborito gid nga sports kay basketball ug daghan gid ko og rason nganong ganahan ko ani. Para nako mangud, ang basketball dili lang basta dula nga makalingaw. Isa kini ka activity nga nag-develop sa teamwork, strategy ug physical fitness. Sa basketball, kinahanglan nga magtinabangay ang team, mag-pass sa bola, magdepensa ug magplano sa mga moves nga nakatabang kini sa akong pag-responsible nga pagka-operative sa grupo. Bukod sa teamwork, ganahan pod ko sa basketball tungod sa exercise ug challenge nga dala niini. Makalayo ka sa stress samtang nagdagan, nag-jump ug nag-dribble sa court. Nakakat-on pod ko nga mag-focus, magdesisyon sa dali nga panahon ug mag-adjust sa mga sitwasyon. Kay sa dula, kusog ang pace ug dili pwede mag-hesitate. Para sa ako, thrilling ug rewarding nga makita ang resulta sa teamwork ug effort, labi na kung makascor ug taog sa duwa. Ang basketball, para nako, usa sa-- usa ka social activity. Dili lang siya para sa competition, kundi para pod sa bonding sa barkada ug sa mga kauban sa team. Minsan, ang pag-practice o friendly games nagahatag og oportunidad nga magkatawa, mag-istorya ug mag-enjoy bisan walay pressure sa tournament. Sa kabuuan, ganahan ko sa basketball tungod sa combination sa physical activity, mental challenge, teamwork ug fun moments nga dala niini. Para nako, dili lang siya sport, kondi usa ka experience nga maghatag og kalipay, energy ug sense of accomplishment sa matag duwa.",0.034334763948497854,5,2,1,226,0.015764222069910898,4,15,4,1440
CEB_009,Cebuano,male,Philippines,Tagalog / Filipino,Philippines - Manila (Tagalog),Linux,Mobile,303,18-24,True,native,006_007,48,"Ang akong dream gid sa kinabuhi kay simple pero dako kay kahulugan para naku. Ang pinakatumong nako kay magmalipayon og mahimong stable sa kinabuhi. Dili lang basta para sa akong kaugalingon, kundi labi na para sa akong pamilya. Gusto ko nga makab-ot nako ang usa ka kahimtang nga dili na kayo mi maglisod, nga makahatag ko og tapang ug suporta sa akong ginikanan ug sa mga tawo nga suod sa akong kasingkasing. Para nako, usa ka dako nga kalampusan ang makita nga komportable ug malipayon akong mga pamilya tungod sa akong pagpaningkamot. Gusto pud ko nga maayo ug malig-on ang akong trabaho og career. Dili kinahanglan nga sikat og dato kaayo, basta trabaho nga limpyo, patas ug makahatag og sense of fulfillment. Importante para nako nga ganahan ko sa akong ginabuhat ug makita nako nga naay pulos ang akong effort. Gusto ko nga kada adlaw, kabalo ko nga naa ko gi-nahimo nga makapauswag sa akong kaugalingon ug makatabang sa uban, bisan sa gamay nga paagi lang. Apil pud sa akong damgo nga pagkakontento og inner peace, gusto ko makakat-on kon unsaon paghandle sa stress, problema, og mga pagsulay sa kinabuhi nga dili ko dali, dali mawad-an og paglaom. Para nako, ang tinuod nga kalampusan kay dili lang tungod sa kwarta or sa posisyon sa kinabuhi, kondi sa kahimtangan nga malinawon nga huna-huna og limpyo nga konsensya. Gusto ko nga magpuyo nga walay daghang kaaway, walay daghang samok, sa pasalamat sa butang nangan-an nako. Ug sa katapusan, ang akong dream sa kinabuhi kay magkinabuhi nga tinuod, mapasalamaton og mahulganon. Bisan unsa pa ang nahitabo, gusto ko nga mobalik ko sa akong kaugalingon nga kabalo ko nga maningkamot ko, wala ko nagtapak sa uban ug nagbuhat ko sa kong makaya para mahimo mas maayong tawo adlaw-adlaw. Para nako, maayo gid ang pinakadakong damgo sa kinabuhi.","Ang akong dream gid sa kinabuhi kay simple pero dako kay kahulugan para nako. Ang pinakatumaon nako kay magmalipayon ug mahimong stables kinabuhi. Dili lang basta para sa akong kaugalingon, kundi ilabin na para sa akong pamilya. Gusto ko nga makab-ot nako ang usa ka kahimtang nga dili na kaayo may maglisod, nga makahatag ko og tapang ug suporta sa akong ginikanan ug sa mga tawo nga suod sa akong kasingkasing. Para nako, usa ka dako nga kalampusan ang makita nga komportable ug malipayon akong mga pamilya tungod sa akong pagpaningkamot. Gusto pud ko nga maayo ug malig-on ang akong trabaho ug karer. Dili kinahanglan nga sikat o dato kaayo, basta trabaho nga limpyo, patas ug makahatag og sense of fulfillment. Importante para nako nga ganahan ko sa akong ginabuhat ug makita nako nga naay pulos sa akong effort. Gusto ko nga kada adlaw, kabalo ko nga naa ko'y ginahimo nga makapauswag sa akong kaugalingon ug makatabang sa uban, bisan sa gamay nga paagi lang. Apil pud sa akong damgo nga pagkakontento ug inner peace, gusto ko makakat-on kon unsaon paghandur sa stress, problema ug mga pagsulay sa kinabuhi nga dili ko dali, dali mawad-an og paglaom. Para nako, ang tinuod nga kalampusan kay dili lang tungod sa kwarta or sa posisyon sa kinabuhi, kondi sa kahimtangan nga malinawon nga huna-huna ug limpyo nga konsensya. Gusto ko nga magpuyo nga walay daghang kaaway, walay daghang samok sa pasalamat sa butang nga naa nako. Ug sa katapusan, ang akong dream sa kinabuhi kay magkinabuhi nga tinuod, mapasalamaton og mahulganon. Bisan unsa pa ang nahitabo, gusto ko nga mobalik ko sa akong kaugalingon nga kabalo ko nga paningkamot ko, wala ko nagtapak sa uban ug nagbuhat ko sa makaya para mahimo mas maayong tawo adlaw-adlaw. Para nako, maayo gid ang pinakadakong damgo sa kinabuhi.",0.07920792079207921,21,2,1,280,0.021714922048997772,12,18,9,1766
CEB_009,Cebuano,male,Philippines,Tagalog / Filipino,Philippines - Manila (Tagalog),Linux,Mobile,190,18-24,True,native,007_001,49,"Mas gusto gyud nako ang sapatos kaysa sandals. Ug daghan kog rason nganung ganahan ko ani. Para naku mangud, ang sapatos mas comfortable ug protectado sa tiil. Labi na kung daghan kag lakaw o kinahanglan molakaw sa lugar nga dili limpyo o bati ang dalan. Mas lig-on pud ang sapatos kumpara sa sandals. Ug mas dali ka makalihok bisan unsa pa ang sitwasyon, trabaho, lakaw lakaw o sports. Bukod sa protection, ganahan pud ko sa sapatos tungod sa style ug appearance. Daghan klase nga sapatos nga bagay sa outfit ug makahatag kini og confident feeling kung sakto ang pairing sa akong sinina. Para sa ako, importante nga practical ug presentable ang sapatos kay dili lang siya functional kondi usa pud ka paagi para ipakita ang personality ug style sa usa ka tawo. Para sa akong experience, bisan naay mga sandalyas nga comfortable sa init nga panahon, mas prefer naku gyud ang sapatos kay versatile, protectado ang tiil ug mas formal kung kinahanglan. Sa adlaw-adlaw nga routine, mas convenient ug mas safe ang sapatos kaysa sa sandals. Mao kini ang rason nganong siya ang mas ganahan naku isuot kaysa sa sandals.","Mas gusto ginaku ang sapatos kaysa sandals. Ug daghan ko rason nga naganahan ko ani. Para naku mangud, ang sapatos mas comfortable ug protected ang tiil. Labi na kung daghan ka'g lakaw o kinahanglan molakaw sa lugar nga dili limpyo o bati ang dalan. Mas lig-on pud ang sapatos kumpara sa sandals ug mas dali ka makalihok bisan unsa pa ang sitwasyon, trabaho, lakaw-lakaw o sports. Bukod sa protection, ganahan pud ko sa sapatos tungod sa style ug appearance. Daghan klase nga sapatos nga bagay sa outfit ug makahatag kini og confident feeling kung sakto ang pairing sa akong sinina. Para sa ako, importante nga practical ug presentable ang sapatos kay dili lang siya functional kondi usa pud ka paagi para ipakita ang personality ug style sa usa ka tawo. Para sa akong experience, bisan naay mga sandalyas nga comfortable sa init nga panahon, [buntag] mas prefer naku gyud ang sapatos kay versatile, protected ang tiil ug mas formal kon kinahanglan. Sa adlaw-adlaw nga routine, mas convenient ug mas safe ang sapatos kaysa sa sandals. Mao kini ang rason nganong siya ang mas ganahan naku isuot kaysa sa sandals.",0.07894736842105263,12,2,1,176,0.02882882882882883,13,9,10,1088
CEB_014,Cebuano,male,Asia/Pacific Region,English,United States - General American,Linux,Mobile,263,18-24,True,native,007_002,50,"Ang akong tumong sa karera mao ang makab-ot ang usa ka trabaho nga dili lang makahatag og kita, kondili makahatag usab sa kahulugan ug kalipay sa akong kinabuhi. Gusto ko nga magtrabaho sa usa ka langa larangan nga magamit nako ang akong kahibalo ug kahanas, ug diin padayong gihapon ko makat-on og motubo isip usa ka tawo. Usa sa akong tumong mao ang mahimong responsable ug kasaligan nga trabahante. Gusto ko mailhan isip usa ka tawo nga masaligan sa buluhatanon, buluhaton og andam motabang sa team. Importante kaayo nako ang maayong relasyon sa akong kauban sa trabaho. Mas sayon ug mas nindot ang trab pagtrabaho kungadunay respeto ug panaghiusa. Gusto pod nako molambo ang sa akong karera sa hinay-hinay nga paagi. Dili man nako ginadala ang kalampusan pero naningkamot ko nga permi mahimo og sakto ug magpakita og paningkamot. Gusto ko sa moabot, makab-ot nako ang mga taas nga posisyon ug mas dako nga responsibilidad pinaagi sa akong kaugalingon, paningkamot ug dedikasyon. Usa usab ka dako nga tumong nako mao ang makatabang sa akong pamilya ug makahatag og mas maayong kahimtangan sa kinabuhi. Gusto ko nga pinaagi sa trabaho makasuporta ko sa ilang mga panginahanglan ug makahatag og kalig-on sa among kaugmaon. Para nako, ang tinuod nga kalampusan dili lang sukdon sa titulo o sweldo, kondili epekto nga imong nahatag sa imong pamilya ug sa uban. Sa katapusan, ang akong tumong sa karera mao ang mahimong usa ka adunay integridad, kahanas ug katagbawan sa iyang gibuhat. Gusto ko nga matag adlaw nga motrabaho ko mabati nako nakoy tumong ug direksyon sa akong kinabuhi.","Ang akong tumong sa karera mao ang makab-ot ang usa ka trabaho nga dili lang makahatag og kita, kondili makahatag usab sa kahulugan ug kalipay sa akong kinabuhi. Gusto ko nga magtrabaho sa usa ka larangan nga magamit nako ang akong kahibalo ug kahanas, ug diin padayong gihapon ko makaton og motubo isip usa ka tawo. Usa sa akong tumong mao ang mahimong responsable ug kasaligan nga trabahante. Gusto ko mailhan isip usa ka tawo nga masaligan sa buluhatanon, buluhaton ug andam motabang sa team. Importante kaayo nako ang maayong relasyon sa akong kauban sa trabaho. Mas sayon ug mas nindot ang pagtrabaho kon adunay respeto ug panaghiusa. Gusto pod nako molambo sa akong karera sa hinay-hinay nga pagi. Dili man nako ginadala ang kalampusan pero naningkamot ko nga permi mahimo og sakto ug magpakita og paningkamot. Gusto ko nga gusto ko sa moabot makab-ot nako ang mga taas nga posisyon ug mas dako nga responsibilidad pinaagi sa akong kagalingon paningkamot ug dedikasyon. Usa usab kadako nga tumong nako mao ang makatabang sa akong pamilya ug makahatag og mas maayong kahimtang sa kinabuhi. Gusto ko nga pinaagi sa trabaho makasuporta ko sa ilang mga panginahanglan ug makahatag og kalig-on sa among kaugmaon. Para nako, ang tinuod nga kalampusan dili lang sukdon sa titulo o sweldo, kondili epekto nga imong nahatag sa imong pamilya ug sa uban. Sa katapusan, ang akong tumong sa karera mao ang mahimong usa ka adunay integridad, kahanas ug katagbawon sa iyang gibuhat. Gusto ko nga matag adlaw nga motrabaho ko mabati nako naakoy tumong ug direksyon sa akong kinabuhi.",0.06844106463878327,12,3,3,248,0.025916561314791402,4,23,14,1555
CEB_014,Cebuano,male,Asia/Pacific Region,English,United States - General American,Linux,Mobile,219,18-24,True,native,007_003,51,"Oo, kabalo ko molangoy. Bisan dili ko eksperto kaayo, kabalo ko sa basic nga paglangoy sama sa paglutaw sa tubig ug paglihok sa mga kamot ug tiil aron dili malunod. Importante kaayo para nako nga kabalo ko molangoy kay di man jud malikayan ang usahay makaadto ta sa dagat, pool o suba. Nakakat-on ko molangoy tungod kay ganahan ko maglaglaag ug mag-enjoy sa tubig. Sa sinugdanan, medyo hadlok pa ko, pero hinay-hinay ra jud ko naka-adjust ug naangkon og confidence. Kung komportable na ka sa tubig, mas sayon na lang jud ang paglangoy ug mas lingaw, malingaw ka. Bisan dili ko kusog kaayo molangoy ug layo, kaya ra nako ang maglangoy sa mubo nga distansya ug magpabilin nga ibabaw sa tubig. Kung naakoy kuyog, mas malingaw ko kay naakoy kasabay ug mas sipud pud ko. Kabalo pud ko nga importante ang pag-amping ug dili magpasagad, labi na kung kusog ang balud sa ilalum, lalom ang tubig. Para nako, ang paglangoy dili lang para sa kalingawan, kondili usa pud ka importante nga skill para sa kaluwasan. Mas maayo jud nga kabalo ta molangoy bisan basic ra kay dili, dili ta kabalo kon kanus-a na ato kini magamit. Sa katapusan, oo kabalo ko molangoy ug padayon gihapon ko nagkat-on aron mas molig-on pa ang akong kahanas ug mo, kompyansa sa tubig.","Oo, kabalo ko molangoy. Bisan dili ko eksperto kaayo, kabalo ko sa basic nga paglangoy sama sa paglutaw sa tubig ug paglihok sa mga kamot ug tiil aron dili malunod. Importante kaayo para nako nga kabalo ko molangoy kay di man jud malikayan ang usahay makaadto ta sa dagat, pool o suba. Nakakat-on ko molangoy tungod kay ganahan ko maglaglaag ug mag-enjoy sa tubig. Sa sinugdanan, medyo hadlok pa ko pero hinay-hinay ra jud ko naka-adjust ug naangkon og confidence. Kung komportable na ka sa tubig, mas sayon na lang jud ang paglangoy ug mas lingaw-- malingaw ka. Bisan dili ko kusog kaayo molangoy ug layo, kaya ra nako ang maglangoy sa mubo nga distansya ug magpabilin nga ibabaw sa tubig. Kung naakoy kuyog, mas malingaw ko kay naakoy kasabay ug mas sipud pud ko. Kabalo pud ko nga importante ang pag-amping ug dili magpasagad, labi na kung kusog ang balud sa ilalum-- lalim ang tubig. Para nako, ang paglangoy dili lang para sa kalingawan, kondili usa pud ka importante nga skill para sa kaluwasan. Mas maayo jud nga kabalo ta molangoy bisan basic ra kay dili, dili ta kabalo kon kanus-a na ato kini magamit. Sa katapusan, oo kabalo ko molangoy ug badayon gihapon ko nagkat-on aron mas molig-on pa ang akong kahanas ug mo-- kompanya sa tubig.",0.0319634703196347,7,0,0,212,0.008842443729903537,6,2,3,1236
CEB_014,Cebuano,male,Asia/Pacific Region,English,United States - General American,Linux,Mobile,271,18-24,True,native,007_004,52,"Oo, paspas man ang aking internet, pero magdepende gihapon sa oras ug lugar. Sa kasagaran, okay ra jud siya para sa adlaw-adlaw nga gamit sama sa pag-browse sa sol-media, pagtan-aw og videos, ug pag-chat sa akong mga higala ug pamilya. Dili man siya permi kusog pero kasagaran makasatispay ra sa akong panihanglan Kon puntag ug gabii, kasagaran mas paspas ang koneksyon kay dili pa kaayo daghan ang nanggamit. Sa ingon ana nga oras, dali ra ko maka-open og mga apps, makatan-aw og videos nga dili kaayo mga buffer, makadownload og files nga wala daghang hulat. Apan kung peak hours sama sa hapon ug gabii, nga daghan kayog online, usahay mohinay ang internet ug kinahanglan ko maghulat-hulat gamay. Sa mobile data, paspas pod siya kung kusog ang signal. Kung naa ko sa lugar nga maayo ang coverage, wala koy problema sa koneksyon. Pero kung naa ko sa sulod sa balay nga medyo hina ang signal, didto ko makasinati og hinay nga internet. Mao nga usahay kinahanglan ko mo-move on sa mo-move og lugar aron makakuha og mas kusog nga signal. Bisan pa man, naningkamot ko nga mo-adjust kog mohinay ang internet. Ginabuhat nako ang pag-set sa video quality sa mas ubos, pag-close sa mga apps nga wala gamita, ug paghulat sa mga maayong, maayo nga oras kon kinahanglan jud ang, ang kusog nga koneksyon. Para nako, importante ang pasensya ug kahibalo mo-manage sa internet usage. Sa katapusan, pwede na ko isulti nga paspas ra man ang internet sa kasagaran ug igo ra siya ma- sa akong adlaw bula-bulahaton Kung naak mang gani koy hinay-- gamay nga hinay, kabalo na sangmo-adjust ug pasensya.","Oo, paspas man ang aking internet, pero magdepende gihapon sa oras ug lugar. Sa kasagaran, okay ra jud siya para sa adlaw-adlaw nga gamit sama sa pag-browse sa social media, pagtan-aw og videos ug pag-chat sa akong mga higala ug pamilya. Dili man siya pirmi kusog pero kasagaran makasatispara sa akong panginahanglan. Kon buntag o gabii, kasagaran mas paspas ang koneksyon kay dili pa kaayo daghan ang nanggamit. Sa ingon ana nga oras, dali ra ko maka-open og mga apps, makatan-aw og videos nga dili kaayo mga buffer, makadownload og files nga walay daghang hulat. Apan kon peak hours sama sa hapon ug gabii, nga daghan kayog online, usahay mohinay ang internet ug kinahanglan ko maghulat-hulat gamay. Sa mobile data, paspas pod siya kon kusog ang signal. Kon naa ko sa lugar nga maayo ang coverage, wala koy problema sa koneksyon. Pero kon naa ko sa sulod sa balay nga medyo hina ang signal, didto ko makasinati og hinay nga internet. Mao nga usahay kinahanglan ko magmubo-- mo-move og lugar aron makakuha og mas kusog nga signal. Bisan pa man, naningkamot ko nga mo-adjust kon mohinay ang internet. Ginabuhat nako ang pag-set sa video quality sa mas ubos, pag-close sa mga apps nga wala gamita ug paghulat sa mga maayong, maayong nga oras kon kinahanglan jud ang, ang kusog nga koneksyon. Para nako, importante ang pasensya ug kahibalo mo-manage sa internet usage. Sa katapusan, pwede na ko isulti nga paspas ra man ang internet sa kasagaran ug igo ra siya sa akong adlaw-adlawng bulahatون. Kon naa man gani koy hinay-- gamay nga hinay, kabalo na sa moadyust ug pasensya. [laughs]",0.1070110701107011,22,4,3,245,0.04364326375711575,24,22,23,1535
CEB_014,Cebuano,male,Asia/Pacific Region,English,United States - General American,Linux,Mobile,174,18-24,True,native,007_005,53,"Kasagaran, mubangon ko mga alas sais sa buntag. Mao ni ang oras nga komportable para nako kay dili pa kayo init ug dili pa kayo samok ang palibut. Kung sayo ko mubangon, mas daghan ko og oras nga magamit aron magan- mangandam sa akong adlaw. Pagmata nako, mag-inat-inat ko gamay ug usahay mo-inom dayon og tubig aron mamatadjo og akong lawas. Kung naakoy buhat sama sa eskwela, trabaho o laing responsibilidad, mas nindot nga sayo ka- ko mubangon aron dili magdali-dali. Mas kalmado pod ang akong hunahuna kung sakto ang oras sa akong pagbangon. Apan usahay, labi na kung gabii na kaayo ko matulog o kapoy jud kaayo mubangon ko mga alas sete or alas otso sa buntag. Depende na sa kahimtang ug sa eskedyul sa akong adlaw. Importante man jud ang makakuha gihapon ko og igo nga tulog aron presko ug kusgan ko sa tibuok adlaw. Sa katapusan, kasagaran alas sais sa buntag ko mubangon. Pero fleksible gihapon ko depende sa sitwasyon. Ang importante, andam ko maayong mapaminaw sa pagsugod sa akong adlaw.","Kasagaran, mubangon ko mga alas sais sa buntag. Mao ni ang oras nga komportable para nako kay dili pa kayo init ug dili pa kayo samok ang palibot. Kung sayo ko mubangon, mas daghan ko'g oras nga magamit aron magan- mangandam sa akong adlaw. Pagmata nako, mag-inat-inat ko gamay ug usahay mo-inom dayon og tubig aron mamatadjo og akong lawas. Kung naakoy buhat sama sa eskwela, trabaho o laing responsibilidad, mas nindot nga sayo ka ko mubangon aron dili magdali-dali. Mas kalmado pod ang akong hunahuna kung sakto ang oras sa akong pagbangon. Apan usahay, labi na kung gabii na kaayo ko matulog o kapoy jud kaayo mubangon ko mga alas sete or alas otso sa buntag. Depende na sa kahimtang ug sa eskedul sa akong adlaw. Importante man jud ang makakuha gihapon ko og igo nga tulog aron presko ug kusgan ko sa tibuok adlaw. Sa katapusan, kasagaran alas sais sa buntag ko mubangon. Pero flexible gihapon ko depende sa sitwasyon. Ang importante, andam ko maayong paminaw sa pagsugod sa akong adlaw.",0.040229885057471264,6,1,0,167,0.009018036072144289,3,6,0,989
CEB_014,Cebuano,male,Asia/Pacific Region,English,United States - General American,Linux,Mobile,198,18-24,True,native,007_006,54,"Mas ganahan ko og kapi kaysa tsa. Para nako, ang kapi dako kay tabang labi na akong buntag o kinahanglan na ko mapukaw akong kagalingon. Sa matag adlaw o sa matag higop sa kapi, murag mubalik ang kusog ug fokus. Mao nga mas sayon na ko buhaton ang akong mga buluhaton sa adlaw. Ganahan ko sa baho ug lami sa kapi, labi na kung init pa siya ug prisko bag-ong timpla. Bisan pa simple nga black coffee o kape nga naay gatas ug asukal, okay ra kay na para nako. Usahay ang pag-inom og kapi dili lang tungod sa caffeine, kondili tungod pod sa kalma nga paminaw sa iyang gihatag. Murag naakoy gamayng oras para sa akong kagalingon samtang nag-inom. Bisan pa man, dili pod ko ka makalimtan ang tsa. Ang tsa maayo pod kung gabii, gabii na o gusto ka lang, gusto lang ko mag-relax. Mas gaan sa sa tiyan, makatabang sa pagkalma sa paghunahuna. Kon naa koy sip-on o dili maayong pamina, mas pilion na ko mag-inom nga tsa kay makapas, makapahupay man siya. Sa katapusan, pilion ko kapi jud ang akong unang nga gusto, pero giyapon sa lugar nga tsa depende sa oras ug kahimtang.","Mas ganahan ko og kape kaysa tsa. Para nako, ang kape dako kay tabang labi na akong buntag o kinahanglan na ko mapukaw akong kagalingon. Sa matag adlaw, sa matag higub sa kape, murag mubalik ang kusog ug fokus. Mao nga mas sayon na ko buhaton ang akong mga buluhaton sa adlaw. Ganahan ko sa baho ug lami sa kape, labi na kung init pa siya ug prisko bagong timpla. Bisan pa simple nga black coffee o kape nga nay gatas ug asukal, okay ra kay na para nako. Usahay ang pag-inom og kape dili lang tungod sa caffeine, kondili tungod pod sa kalma nga paminaw sa iyang gihatag. Murag naakoy gamayng oras para sa akong kagalingon samtang nag-inom. Bisan pa man, dili pod ko makalimtan ang tsa. Ang tsa maayo pod kung gabie-- gabie na o gusto ka lang-- gusto lang ko mag-relax. Mas gaan sa tiyan, makatabang sa pagkalma sa paghunahuna. Kon naa koy isip-on o dili maayong pamina, mas pilion na ko mag-inom nga tsa kay makapahupay man siya. Sa katapusan, pilion ko kape jud ang akong unang nga gusto, pero gihapon sa lugar nga tsa depende sa oras ug kahimtang.",0.09595959595959595,15,4,0,179,0.03289473684210526,14,18,3,1032
CEB_014,Cebuano,male,Asia/Pacific Region,English,United States - General American,Linux,Mobile,229,18-24,True,native,007_007,55,"Oo, kasuway ko nagboluntaryo og trabaho kaniadto ug usa kini kanindot sa kasinatian para nako. Sa panahon nga nagboluntaryo ko, wala man ko nagtan-aw sa bayad o kwarta, kondili sa tabang sa akong mahatag sa uban ug sa kahulugan sa maong buhat. Kaniadto, nagboluntaryo ko sa mga kalihokan sa among komunidad sama sa clean-up drive, tabang sa mga programa para sa kabatan-onan, ug usahay sa pag-organisa og mga simple nga event. Bisan kapoy usahay, malingaw gihapon ko kay makita nako nga adunay positibong resulta ang among gibuhat. Lahi ra jud ang paminaw nga makatabang ka sa uban nga walay gilaom nga kapalit. Pinaagi sa pagboluntaryo, daghan kog nakat-on. Nakat-onan ko og unsaon pakig-uban sa lain-laing klase nga tawo, unsaon pagtrabaho isip usa ka team, ug unsaon ka importante ang disiplina ug responsibilidad. Nakahatag kini nako og mas lalom nga pagsabot sa kahimtangansa uban, labi na sa gadtong nanginahanglan og tabang. Bisan wala ko sweldo niadtong panahon na, dako kaayo ang bili sa kasinatian nga akong nakuha. Nakahatag kini nako og kalipay, kompensya, ug pagbati nga adunay pulos sa akong oras ug kusog. Hangtod karon, nagdala gihapon nako ang mga leksyon sa akong nakat-onan gikan sa akong pagboluntaryo. Sa katapusan, oo, nagboluntaryo ko kaniadto ug adunay higayon usab sa umaabot. Andam gihapon ko motabang kay para nako ang pag-alagad sa uban usa ka buhat nga dili gayud ma-masukod sa kwarta.","Oo, kasogay ko nagboluntaryo og trabaho kaniadto ug usa kaninyo kanindot sa kasinatian para nako. Sa panahon nga nagboluntaryo ko, wala man ko nagtan-aw sa bayad o kwarta kondili sa tabang sa akong mahatag sa uban ug sa kahulugan sa maong buhat. Kaniadto, nagboluntaryo ko sa mga kalihokan sa among komunidad sama sa clean-up drive, tabang sa mga programa para sa kabataanon, ug usahay sa pag-organisa og mga simple nga event. Bisan kapoy usahay, malingaw gihapon ko kay makita nako nga adunay positibong resulta ang among gibuhat. Lahe ra jud ang paminaw nga makatabang sa uban nga walay gilaom nga kapalit. Pinaagi sa pagboluntaryo, daghan ko nakat-on. Nakat-onan ko og unsaon pakig-uban sa lain-laing klase nga tawo, unsaon pagtrabaho isip usa ka team, ug unsaon ka importante ang disiplina ug responsibilidad. Nakahatag kini nako og mas lalang nga pagsabot sa kinahanglan sa uban, labi na sa gadung nga nihanglan og tabang. Bisan wala ko isuweldo niadtong panahona, dako kaayo ang bili sa kasinatian nga akong nakuha. Nakahatag kini nako og kalipay, kompensya, ug pagbati nga adunay pulos sa akong oras ug kusog. Hangtud karon, nagdala gihapon ako ang mga leksyon sa akong nakat-onan gikan sa akong pagboluntaryo. Sa katapusan, oo, nagboluntaryo ko kaniadto ug adunay higayon usab sa umaabot. Andam gihapon ko motabang kay para nako ang pag-alagad sa uban usa ka buhat nga dili gayud ma-masukod sa kwarta.",0.07860262008733625,14,2,2,213,0.027581329561527583,8,18,13,1388
CEB_002,Cebuano,female,Philippines,Tagalog / Filipino,Philippines - Manila (Tagalog),Linux,Mobile,62,25-34,False,fluent,007_008,56,"Para naku, sa paniudto nakakaon ko og khan-on uban sa pritong isda ug gulay. Simple ra siya pero busog ug lami, labi na kainit pa. Pagkaon human sa paniudto, nabati nako nga nabusog ko ug nagkakusog pag-usab aron ipadayon ang mga buluhaton sa hapon. Importante gayud para naku nga mokaon og saktong sa paniudto aron adunay kusog ug maayong pamati sa lawas.","Para naku, sa paniudto nakakaon ko og khan-on uban sa pritong isda ug gulay. Simple ra siya pero busog ug lami, labi na kainit pa. Pagkaon human sa paniudto, nabati nako nga nabusog ko ug nagkakusog pag-usab aron ipadayon ang mga buluhaton sa hapon. Importante gayud para nako nga mokaon og saktong sa paniudto aron adunay kusog ug maayong pamati sa lawas.",0.016129032258064516,1,0,0,61,0.0028089887640449437,1,0,0,355
CEB_002,Cebuano,female,Philippines,Tagalog / Filipino,Philippines - Manila (Tagalog),Linux,Mobile,77,25-34,False,fluent,007_009,57,"Para nako, ang akong paborito nga panahon sa tuig mao ang ting-ulan. Gqnahan ko ani nga panahon tungod kay prisko ang hangin ug dili kaayo init kompara sa ting-init. Kahatag kini og kahupayan ug kalinaw labi na kung makadungog ko sa tingog sa ulan samtang nagpahulay ug naghunahuna. Bisan usahay makasamok ang kusog nga ulan, para nako mas daghan gihapon ang maayong epekto niini kay makatabang kini sa tanom sa kalikopan ug sa akong kahimtang sa pagbati.","Para nako, ang akong paborito nga panahon sa tuig mao ang ting-ulan. Ginahan ko ani nga panahon tungod kay prisco ang hangin ug dili kaayo init kompara sa ting-init. Kahatag kini og kahupayan ug kalinaw labi na kung makadungog ko sa tingog sa ulan samtang nagpahulay ug naghunahuna. Bisan usahay makasamok ang kusog nga ulan, para nako mas daghan gihapon ang maayong epekto niini kay makatabang kini sa tanom sa kalikopan ug sa akong kahimtang sa pagbati.",0.025974025974025976,2,0,0,75,0.004395604395604396,2,0,0,453
CEB_002,Cebuano,female,Philippines,Tagalog / Filipino,Philippines - Manila (Tagalog),Linux,Mobile,75,25-34,False,fluent,007_010,58,"Sa YouTube, kasagaran akong gitan-aw kay mga vlogs ug edukasyonal videos. Ginahan ko motan-aw sa mga content nga, nga makatabang nako og makat-on og bag-ong butang sama sa cooking tutorials, life hacks ug science experiment. Makalingaw pud nga motan-aw sa mga travel vlogs aron makita nako lang laing lugar bisan pa wala ko makabiyahe sa personal. Usahay ginahan pud ko motan-aw og mga funny videos o memes. Ko og inspirasyon para sa akong kaugalingon kinabuhi.","Sa YouTube, kasagaran akong gitan-aw kay mga vlogs ug edukasyonal videos. Ginahan ko motan-aw sa mga content nga, nga makatabang nak og makatuon og bag-ong butang sama sa cooking tutorials, life hacks ug science experiment. Makalingaw pud nga motan-aw sa mga traveler vlogs aron makita nak o laing laing lugar bisan pa wala ko makabiyahe sa personal. Usahay ginahan pud ko motan-aw og mga funny videos o memes. Ko og inspirasyon para sa akong kaugalingon kinabuhi.",0.08,5,0,1,70,0.013015184381778741,1,1,4,459
CEB_002,Cebuano,female,Philippines,Tagalog / Filipino,Philippines - Manila (Tagalog),Linux,Mobile,87,25-34,False,fluent,007_011,59,"Para nako, kasagaran mga ten hang- hangtod fifteen GB ang akong magamit nga mobile data kada bulan. Sakto ra kini para sa adlaw-adlaw nga paggamit sama sa pag-chat, pagtan-aw og video sa YouTube ug, ug pag-browse sa social media. Kung naa koy Wi-Fi sa balay o eskwelahan, mas makaminos ko sa paggamit sa data. Apan kung sige'g gawas o byahe, usahay modaghan gayud ang konsumo. Importante para nako ang kabalo ko mokontrol sa paggamit sa data aron dili dayon mahurot ug dili mosobra sa baya- baya- bayranan.","Para nako, kasagaran mga ten hang- hangtod fifteen GB ang akong magamit nga mobile data kada bulan. Sakto ra kini para sa adlaw-adlaw nga paggamit sama sa pag-chat, pagtan-aw og video sa YouTube ug, ug pag-browse sa social media. Kung naa ako'y Wi-Fi sa balay o eskwelahan, mas makaminos ko sa paggamit sa data. Apan kung sige'g gawas o byahe, usahay modaghan gayud ang konsumo. Importante para nako ang kabalo ko mokontrol sa paggamit sa data aron dili dayon mahurot ug dili mosobra sa baya- baya- bayranan.",0.011494252873563218,1,0,0,86,0.003952569169960474,0,0,2,506
CEB_002,Cebuano,female,Philippines,Tagalog / Filipino,Philippines - Manila (Tagalog),Linux,Mobile,64,25-34,False,fluent,007_012,60,"Ang akong paborito nga salida kay The Shawshank Redemption tungod kay nakahinumdom kini nga nako nga bisan unsa ka kalisod ang kahimtangan sa kinabuhi, naa gihapon mag-- paglaom og kahulugan ang pangandoy ug pagpadayon. Ganahan ko sa lalong nga istorya sa panaghigalaay, pasensya ug kalig-on sa kasing-kasing ug sa paagi nga hinay-hinay pero kusog ang epekto niini sa hunahuna ug pagbati man ko. Motan-aw.","Ang akong paborito nga salida kay The Shawshank Redemption tungod kay nakahinumdom kini nga nako nga bisan unsa ka kalisod ang kahimtang an sa kinabuhi, naa gihapon mag-- paglaom og kahulugan ang pangandoy ug pagpadayon. Ganahan ko sa lalong nga istorya sa panaghigalaay, pasensya, ug kalig-on sa kasing-kasing ug sa paagi nga hinay-hinay pero kusog ang epekto niini sa hunahuna ug pagbati man ko. Mutan-aw.",0.0625,3,0,1,61,0.007407407407407408,1,0,2,404
CEB_002,Cebuano,female,Philippines,Tagalog / Filipino,Philippines - Manila (Tagalog),Linux,Mobile,86,25-34,False,fluent,007_013,61,"Para nako, ang telebisyon usa gihapon ka importante nga tinub-tinubdan sa balita ug kalingawan. Bisan daghan na karon og online nga plataporma, nahi ra gihapon ang telebisyon kay dali ra makakuha og kasayuran labi na sa mga balita ug programa nga tan-awon sa tibuok pamilya. Makatabang usab ini sa pagpahulay human sa kapoy nga adlaw pinaagi sa mga salida ug serye. Apan sama sa uban nga media, kinahanglan gihapon nga pilion og tarong ang tan-awon aron masiguro nga makatabang ug dili makadaot sa hunahuna ug oras.","Para nako, ang telebisyon usa gihapon ka importante nga tinub-tinubdan sa balita ug kalingawan. Bisan daghan na karon og online nga plataporma, nahi ra gihapon ang telebisyon kay dali ra makakuha og kasayuran labi na sa mga balita ug programa nga tan-awon sa tibuok pamilya. Makatabang usab ini sa pagpahulay human sa kapoy nga adlaw pinaagi sa mga salida ug serye. Apan sama sa uban nga media, kinahanglan gihapon nga pilion og tarong ang tan-awon aron masiguro nga makatabang ug dili makadaot sa hunahuna ug oras.",0.0,0,0,0,86,0.0,0,0,0,515
CEB_011,Cebuano,female,Philippines,Tagalog / Filipino,Philippines - Manila (Tagalog),Linux,Mobile,101,25-34,True,native,007_014,62,"Ang akong paboritong candy kay White Rabbit. Ganahan ko ani kay creamy ug sweet siya pero dili sobra katam-is, sakto lang para sa akong pangganahan. Lingaw pod sa ang pagkaon niya kay adto nay wrapper nga edible ug hapit nga nostalgic feeling. Kapanahinumdum sa mga bata, takong nga panahon usahay kon gusto nako og gamay nga treat sa tunga-tunga sa adlaw, moabot ko sa White Rabbit kay makapakalma sa akong mood ug makahatag og gamay nga kalipay. Para nako, dili lang siya basta candy, mura pod siya'g simple nga comfort food nga makahatag og happy vibes bisan sa ordir-naryong mga adlaw.","Ang akong paboritong candy kay White Rabbit. Ganahan ko ani kay creamy ug sweet siya pero dili sobra katam-is, sakto lang para sa akong pangganahan. Lingaw pod sa ang pagkaon niya kay adto nay wrapper nga edible ug hapit nga nostalgic feeling. Kapanahinumdum sa mga bata, takong nga panahon usahay kon gusto nako og gamay nga treat sa tunga-tunga sa adlaw, moabot ko sa White Rabbit kay makapakalma sa akong mood ug makahatag og gamay nga kalipay. Para nako, dili lang siya basta candy, mura pod siya'g simple nga comfort food nga makahatag og happy vibes bisan sa ordinaryong mga adlaw.",0.009900990099009901,1,0,0,100,0.003395585738539898,0,2,0,587
CEB_011,Cebuano,female,Philippines,Tagalog / Filipino,Philippines - Manila (Tagalog),Linux,Mobile,119,25-34,True,native,008_001,63,"Oo, ganahan ko molibot sa tindahan, labi na kung ganahan ko makakita og mga bag-o o interesting nga items. Para nako, mura kini gamay nga adventure, makapangita ko og snacks, ingredients para sa pagluto o mga gamit nga makatabang sa adlaw-adlaw. Usahay, lingaw pud tan-awon ang display sa tindahan, ang mga packaging ug unsaon nila pag-arrange ang mga produkto kay makahatag og idea kon unsang uso o praktikal na paliton. Pero depende pud sa mood kay kon daghan kaayo og tawo ug kusog kaayo ang tunog, mas ganahan ko molibot sa hilom ug organized nga tindahan. Para nako, dili lang kini shopping kondii usa ka gamay nga bonding moment sa kaugalingon, kalingaw, kahatag og idea ug makapahimuot sa senses.","Oo, ganahan ko molibot sa tindahan, labi na kung ganahan ko makakita og mga bag-o o interesting nga items. Para nako, mura kini gamay nga adventure, makapangita ko og snacks, ingredients para sa pagluto o mga gamit nga makatabang sa adlaw-adlaw. Usahay, lingaw pud tan-awon ang display sa tindahan, ang mga packaging ug unsaon nila pag-arrange ang mga produkto kay makahatag og idea kon unsang uso o praktikal na paliton. Pero depende pod sa mood kay kon daghan kaayo og tawo ug kusog kaayo ang tunog, mas ganahan ko molibot sa hilom ug organized nga tindahan. Para nako, dili lang kini shopping kondi usa ka gamay nga bonding moment sa kaugalingon, kalingaw, nga hatag og idea ug makapahimuot sa senses.",0.03361344537815126,3,0,1,116,0.007112375533428165,2,1,2,700
CEB_011,Cebuano,female,Philippines,Tagalog / Filipino,Philippines - Manila (Tagalog),Linux,Mobile,105,25-34,True,native,008_002,64,"Dili, dili stressful ang akong trabaho kay nalingaw ko sa akong ginabuhat ug komportable ko sa environment. Para nako, ang trabaho dili lang obligasyon kondi oportunidad pod nga makat-on og makapakita sa akong abilidad. Bisan pa man og naay mga deadlines ug kinahanglan humanon sa oras, dili nako mabati nga sobra ka stressful kay organisado ko nga kabalo og unsaon pag-manage sa akong oras ug responsibilidad. Mas lingaw pa gani kung ma-achieve nako ang goals sa adlaw kay makahatag kini og sense of accomplishment or motivation nga mapadayon sa sunod nga task. Sa tinuod lang, mas feeling ko productive ug motivated kaysa stressed sa trabaho.","Dili, dili stressful ang akong trabaho kay nalingaw ko sa akong ginabuhat ug komportable ko sa environment. Para nako, ang trabaho dili lang obligasyon kondi oportunidad pod nga makaton og makapakita sa akong abilidad. Bisan pa man og naay mga deadlines ug kinahanglan humanon sa oras, dili nako mabati nga sobra ka stressful kay organisado ko nga kabalo og unsaon pag-manage sa akong oras ug responsibilidad. Mas lingaw pa gani kung ma-achieve nako ang goals sa adlaw kay makahatag kini og sense of accomplishment or motivation nga mapadayon sa sunod nga task. Sa tinuod lang, mas feeling ko productive ug motivated kaysa stressed sa trabaho.",0.009523809523809525,1,0,0,104,0.0015527950310559005,0,1,0,643
CEB_011,Cebuano,female,Philippines,Tagalog / Filipino,Philippines - Manila (Tagalog),Linux,Mobile,171,25-34,True,native,008_003,65,"Wala koy anting-anting ug sa tinuod lang, wala pod ko nagtan-aw nga kinahanglan pa ko ana, ana aron masuwertean nga akong adlaw-adlaw nga kinabuhi. Sa akong pagdako, nakakat-on ko nga di ang tinuod nga kusog ug swerte dili gikan sa mga pisi o alahas nga gisul-ob nato kon dili gikan sa atong kagalingon paningkamot og determination. Sa matag adlaw nga trabaho o buluhaton, mas ganahan ko mosalig sa akong abilidad ug sa akong desisyon kay mas lig-on ug mas makahatag og resulta kini kaysa bisan unsang anting-anting. Usahay makakita ko sa uban nga nagdala og anting-anting ug nakatawa lang ko sa kagalingon kay respetado nako ang ilang pagtoo. Para sa uban, kini usa ka search sa confidence og positibo nga mindset pero para nako, ang tinuod nga proteksyon ug nga swerte mao ang pagkahuman sa responsibilidad, pagtoo sa kagalingong kakayahan ug maayo nga pang-hunahuna. Bisan pa man wala akong anting-anting, mobarog gihapon ko sa akong mga desisyon og paningkamot nga walay makahadluk kay kana mao ang tinuod nga gahom sa tawo.","Wala koy anting-anting ug sa tinuod lang, wala pod ko nagtan-aw nga kinahanglan pa ko ana, ana aron maswertean nga akong adlaw-adlaw nga kinabuhi. Sa akong pagdako, nakakat-on ko nga di-- ang tinuod nga kusog ug swerte dili gikan sa mga pisi o alahas nga gisul-ob nato kon dili gikan sa atong kagalingon, paningkamot og determination. Sa matag adlaw nga trabaho o buluhaton, mas ganahan ko mo-salig sa akong abilidad ug sa akong desisyon kay mas lig-on ug mas makahatag og resulta kini kaysa bisan unsang anting-anting. Usahay makakita ko sa uban nga nagdala og anting-anting ug nakatawarang ko sa kagalingon kay respetado nako ang ilang pagtoo. Para sa uban, kini usa ka search sa confidence og positibo nga mindset pero para nako, ang tinuod nga proteksyon ug nga swerte mao ang pagkahuman sa responsibilidad, pagtoo sa kaugalingong kakayahan ug maayo nga panghuna-huna. Bisan pa man wala ako anting-anting, mobarog gihapon ko sa akong mga desisyon og paningkamot nga walay makadluk kay kana mao ang tinuod nga gahom sa tawo.",0.05847953216374269,9,1,0,161,0.013618677042801557,1,7,6,1020
CEB_011,Cebuano,female,Philippines,Tagalog / Filipino,Philippines - Manila (Tagalog),Linux,Mobile,131,25-34,True,native,008_004,66,"Kanunay ko mo-check sa akong email labi na sa buntag samtang naglingkod ko sa akong lamesa ug nag-inom og kape. Para nako, usa kini ka pamaagi nga sugdan ang adlaw nga organized ug updated. Samtang gi-scroll nako ang inbox, makita nako ang mga trabaho nga kinahanglan buhaton, mga announcements gikan sa opisina, o bisan personal nga messages gikan sa pamilya o friends. Usahay makalingaw pod ang makakita kog unexpected na message o updates nga mapahimuot sa akong adlaw bisag og busy kaayo. Ginahimo nako nga habit ang pag-check sa email aron dili ma-miss ang mga deadlines o importanteng informasyon Sa katapusan, mura kini gamay nga ritual sa adlaw-adlaw. Makahatag og peace of mind kay kabalo ko nga walay butang nga na-overlook ug ready kong motabang sa adlaw nga maayo ang plano.","Kanunay ko mo-check sa akong email labi na sa buntag samtang naglingkod ko sa akong lamesa ug nag-inom og kape. Para nako, usa kini ka pamaagi nga sugdan ang adlaw nga organized ug updated. Samtang gi-scroll nako ang inbox, makita nako ang mga trabaho nga kinahanglan buhaton, mga announcements gikan sa opisina, o bisan personal nga messages gikan sa pamilya o friends. Usahay makalingaw pod ang makakita kog unexpected na message o updates nga mapahimuot sa akong adlaw bisag og busy kaayo. Ginahimo nako nga habit ang pag-check sa email aron dili ma-miss ang mga deadlines o importanteng information. Sa katapusan, mura kini gamay nga ritual sa adlaw-adlaw. Makahatag og peace of mind kay kabalo ko nga walay butang nga na-overlook ug ready kong motabang sa adlaw nga maayo ang plano.",0.007633587786259542,1,0,0,130,0.003816793893129771,2,0,1,784
CEB_006,Cebuano,male,Philippines,Tagalog / Filipino,Philippines - Manila (Tagalog),Linux,Mobile,95,18-24,True,native,008_005,67,"Ganahan ka ba mo palit? Ah mas gusto ko nga ako ang palitan. Mao na akong-- nasa utok karon. Mas gusto ko nga ako ang palitan nila kay mas maka kwarta man gud ko kaysa ako ang mo palit. Mogasto ko sa mga walay pulos nga mga gamit. So, wa syay-- pangit siya no, pangit. Mas nindot gyud ang ikaw ang mo baligya. So, ang pangutana, ganahan ka ba mo palit? So mas ganahan ko mamaligya. Kay ang pag pamaligya man gud, mas kuan siya, mas gusto na ko, mas comfortable ko kaysa sig pamalit.","Ganahan ka ba mo palit? Ah mas gusto ko nga ako ang palitan. Mao na akong-- na sa ako to karon. Mas gusto ko nga ako ang palitan nila kay mas maka kwarta man ko gub-o kaysa ako mo palit, mogasto ko sa mga walay pulos nga mga gamit. So, wasa-- pangit siya no, pangit. Mas hinamot kayed ang ikaw ang mo baligya. So, ang pangutana, ganahan ka ba mo palit? So mas ganahan ko mamaligya. Kay pag pamaligya man gud, mas kuan siya, mas gusto na ko, mas comfortable ko kaysa sa pamalit.",0.15789473684210525,10,3,2,82,0.06846473029045644,10,14,9,458
CEB_006,Cebuano,male,Philippines,Tagalog / Filipino,Philippines - Manila (Tagalog),Linux,Mobile,66,18-24,True,native,008_006,68,"Naa ka bay anting-anting? Wala. Wala koy anting-anting kay kaning anting-anting mang gud,usa ni siya ka dakong sala sa Kristiyanismo. Kay ang anting-anting mangod murag nisalig ka sa imuhang anting-anting kaysa sa imong Ginoo nga imong Diyos. Kaning anting-anting kay gibuhat ni siya sa yawa nga motintal bitaw nga kani ang imong saligan dapat instead nga ang Ginoo. So wala koy anting-anting, bad kay na siya.","Naa ka bay anting-anting? Wala. Wala koy anting-anting kay kaning anting-anting mangod, usa ni siya ka dakong sala sa Kristiyanismo. Kay ang anting-anting mangod murag nisalig ka sa imong anting-anting kaysa sa imong Ginoo nga imong Dios. Kaning anting-anting kay gibuhat ni siya sa yawa nga motintal bitaw nga kani ang imong saligan dapat instead nga ang Ginoo. So wala koy anting-anting, bad kay na siya.",0.06060606060606061,4,0,0,62,0.01951219512195122,2,5,1,403
CEB_006,Cebuano,male,Philippines,Tagalog / Filipino,Philippines - Manila (Tagalog),Linux,Mobile,66,18-24,True,native,008_007,69,"Unsa ka kasagaran mo bangon? Ah kasagaran ko nagabangon around alas siete sa buntag hangtod alas otso sa buntag. Kay kani siya, ah, nagatulog man ko kada gabii mga alas diyes sa gabii hangtod sa alas dose sa gabii. Maong makamata ko, makatulog ko nga naay otso ka oras hangtod sa nuebe ka oras kada buntag. Unya ang ginabuhat nako ana, ah, mumata, maghilamos, nya mokaon.","Unsa ka kasagaran mo bangon? Ah kasagaran ko nagabangon around alas sete sa buntag hangtod alas otso sa buntag kay kani siya, ah, nagkatulog man ko kada gabii mga alas diyes sa gabii hangtod sa alas dose sa gabii. Maong makamata ko, makatulog ko nga naay otso ka oras hangtod sa walo ka oras kada buntag. Unya ang ginabuhat nako ana, ah, mumata, maghilamos, nya mokaon.",0.07575757575757576,5,0,0,61,0.02425876010781671,5,3,1,363
CEB_006,Cebuano,male,Philippines,Tagalog / Filipino,Philippines - Manila (Tagalog),Linux,Mobile,88,18-24,True,native,008_008,70,"Nagpangita ka ba og bag-ong trabaho? Oo, nagapangita kog bag-ong trabaho kay kailangan kay nako ang trabaho. Siyempre nga nakoy ginapalit-- mga gusto nga paliton samot na motor kay la-- kapoy kaayo mag-- kapoy kaayo mag-eskwela nga walay motor, walay commute bitaw. Ang walay tighatod nimo didto, magsakay kag kuwan, mahal kay ang pliti, tag-kinse ang pliti. Unya kailangan nako og bag-ong trabaho para makapalit ko og-- kailangan nako, ah, parehas na lang sa motor, kailangan nako og motor. So kailangan ko bag-ong trabaho, kailangan ko og kwarta","Nagpangita ka ba og bag-ong trabaho? Oo, nagapangita ko og bag-ong trabaho kay kailangan ka nako og trabaho. Siyempre nga na koy ginapalit, mga gusto nga paliton sama sa motor kay la-- kapoy kaayo mag-- kapoy kaayo mag-school lang nga walay motor, walay commute bitaw. Ang walay tighatod nimo gitu, magsakay kag kuan, mahal kay ang pliti, tag-quinse ang pliti. Unya kailangan nako og bag-ong trabaho para makapalit ko og-- kailangan nako, ah, parehas na lang sa motor. Kailangan nako og motor. So kailangan ko bag-ong trabaho, kailangan ko og kwarta",0.18181818181818182,13,0,3,75,0.051188299817184646,14,6,8,527
CEB_006,Cebuano,male,Philippines,Tagalog / Filipino,Philippines - Manila (Tagalog),Linux,Mobile,57,18-24,True,native,008_009,71,"Unsa ang imong buhaton kon ulan? Ang ginabuhat nako kon moulan, mangape. Ug sa buntag, mangape, magpahulay. Unya og naay klase kay magdala og payong, nya mag-andam sa akong kagulingan nga mabasa kay siyempre mabasa gid ko, samot nag mamara ka, mamara. Hassle kay mag-commute. Unya og gabii, matulog kay lami kaayng pana-- hangin, bugnaw ang panahon","Unsa ang imong buhaton kon ulan? Ang ginabuhat nako kon ulan, mangape. Og sa buntag, mangape, magpahulay. Unya og naay klase kay magdala og payong, nya mag-andam sa akong kaugalingon nga mabasa kay siyempre mabasa gid ko, sa mga tig mamara ka, mamara. Hassle kay mag-commute. Unya og gabii, matulog kay lameg ang, ah, hangin ug naw-ang panahon",0.21052631578947367,11,0,1,46,0.07471264367816093,11,10,5,327
CEB_006,Cebuano,male,Philippines,Tagalog / Filipino,Philippines - Manila (Tagalog),Linux,Mobile,73,18-24,True,native,008_010,72,"Siyempre online ang pinakanindot idula kay mas connect, mas ma-connect bitaw nimomga taga-gawas, taga dili diri ah. Pananglitan sa, sa United States, sa Europe, ana sila. Ma-connect na nimo sila through online. Dili na nimo sila makadula, ah face to face. Apan makadula 'nan nimo sila pinaagi sa online. So mas hindot idula sa online kay mas daghan kag maka-ila, daghan kag mas makauban. Niya tagalain pa gyud, dili pare-- dili taga-diri ba.","Siyempre online ang pinakanindot idula kay mas connect, mas ma-connect bitaw nimo ang taga-gawas, taga dili diri ah. Pananglitan sa, sa United States, sa Europe, ana sila. Ma-connect na nimo sila through online. Dili na nimo sila makadula, ah, face to face, apan makadulaan na nimo sila pinaagi sa online. So mas hinut idula sa online kay mas daghan kag maka-ila, daghan kag mas makauban. Niya taga-lain pagyud, dili pare-- dili taga diri ba.",0.1780821917808219,10,1,2,62,0.036281179138321996,5,5,6,431
CEB_013,Cebuano,male,Philippines,Tagalog / Filipino,Philippines - Manila (Tagalog),Linux,Mobile,175,35-44,True,native,008_011,73,"Oo, ganahan kaayo ko. Labi na karon sa akong trabaho nga ako ang magbuot sa akong oras, kung unsang orasa ko magtrabaho. So dili na kaayo parehas sa una nga, ah, makagubot sa hunahuna, sa utok kay matagbaw kag budget sa imong oras. Karon, nindot na kaayo ang trabaho kay akoa man, ah, na sa akoa ang desisyon kon unsang oras ako magtrabaho. So dili kaayo bug-at para nako. Kay sa una manggud, bug-at gyud tuong akong trabaho kaniadto kay lisod man kaayo kay, ah, ang kompanya man ang magbuot sa oras nga akong trabahuon. Unya usahay naa pa gyuy overtime kay dili man malikayan ang overtime kay daghanang-- daghan kaayo og stock nga mangabot sa kompanya. Kinahanglan nimo nga mo-overtime karon trabahuon tu mga trabahoa. Unya dili pod pwede nga pasagdan na lang sulod sa tindahan kay among tindahan dili ingon ana kadako, gamay lang ang tindahan namo. Unya daghan og moabot nga mga baligya. Kinahanglan gyud nimo nga tabangan ang imong mga kauban pag, ah, trabaho ato aron muluag-luag ang sulod sa tindahan.","Oo, ganahan kaayo ko. Labi na karon sa akong trabaho nga ako ang magbuot sa akong oras kung unsang oras ako magtrabaho. So dili na kaayo parehas sa una nga, ah, makagubot sa hunahuna, sa utok kay matagbo kag budget sa imong oras. Karon, nindot na kaayo ang trabaho kay ako aman, ah, na sa ako am-- ang desisyon kon unsang oras ako magtrabaho. So dili kaayo bug-at para nako. Kay sa una manggud, bug-at gyud tungang akong trabaho kaniadto kay lisod man kaayo kay, ah, ang kompanya man ang magbuot sa oras nga akong trabaho-on. Unya usahay naa pa gyuy overtime kay dili man malikayan ang overtime kay daghanang-- daghan kaayo og stock nga moangabot sa kompanya. Kinahanglan nimo nga mo-overtime karon trabaho-on tung mga trabahoa. Unya dili pod pwedeng pasagdan na lang sulod sa tindahan kay amung tindahan dili ingon ana kadako, gamay lang ang tindahan namo. Unya daghan og moabot nga mga baligya. Kinahanglan gyud nimo nga tabangan ang imong mga kauban pag, ah, trabaho ato aron muluag-luag ang sulod sa tindahan.",0.09142857142857143,14,1,1,160,0.02385685884691849,5,6,13,995
CEB_013,Cebuano,male,Philippines,Tagalog / Filipino,Philippines - Manila (Tagalog),Linux,Mobile,113,35-44,True,native,008_012,74,"Ang akoag gihang pagsaulog sa adlaw nakong natawhan, ginagmay nga pagluto-luto lang og mga luto-onon. Unya wala man kaayo espesyal sa, ah, mga pang-pangandam sa akong adlaw nga ta-- natawhan kay dili man mi mahilig ana nga maghanda gid og papunggahan nga handa. Kanang ginagmay lang gud, mag-ihaw og manok kon unya magpansit kon unya magbiko og ginagmay. Mao lang na ang among ginakaon dinhi sa amoa sa bukid kay gawas nga naa mi sa kapobrehon, lisod pud ang among kinabuhi dinhi sa bukid kay ang kasagaran among ginakaon gulay gyud. Mahira og maka-kwarta mi kay makapalit mi og isda ug karne. So ingana lang ka simple ang among kinabuhi dinhi sa bukid.","Ang ako agyang pagsaulog sa adlaw nakong natawhan, ginagmay nga pagluto-luto lang og mga luto-onon. Unya wala man kaayo espesyal sa, ah, mga pang-pangandam sa akong adlaw nga ta-natawhan kay dili man mi mahilig ana nga maghanda gid og papunggahan nga handa. Kanang ginagmay lang gud, mag-ihaw og manok, unya magpancit, unya magbiko og ginagmay. Mao lang na ang among ginakaon dinhi sa amoa sa bukid kay gawas nga naami sa kapobrehon, lisod pud ang among kinabuhi dinhi sa bukid kay ang kasagaran among ginakaon gulay gid. Mahira og maka-kwarta mi kay makapalit mi og isda ug karne. So ing-ana lang ka simple ang among kinabuhi dinhi sa bukid.",0.10619469026548672,8,4,0,101,0.030627871362940276,5,13,2,635
CEB_013,Cebuano,male,Philippines,Tagalog / Filipino,Philippines - Manila (Tagalog),Linux,Mobile,111,35-44,True,native,008_013,75,"Ah, ma-para nako mas gusto nako ang baybayon pero dili man pud problema sa akoa ang bukid kay ang bukid man god prisko gihapon ang hangin. Nya samtang naglantaw ka sa kadagatan, ah nindot gihapon ang imohang pamati ug maka hunahuna gihapon kag tarong sama sa naa ka sa baybayon. Oh mas maayo gyod pud nga sa baybayon kay diha man god sa dagat pag naa ka diha, daghan kag gustong kaonon. Makakaon kaon kag tarong ug unsa imong gustong kan-on kay gutomon man gyod ka basta naa ka daplin sa baybayon. Sa bukid pud, ah dili kaayo bation og gutom. Mao na nga nindot gyod pud sa daplin sa baybayon.","Ah, mahaparan nako, mas gusto nako ang baybayon pero dili man pud problema sa akong ang bukid kay ang bukid mangod prisko gihapon ang hangin. Ngya samtang naglantaw ka sa kadagatan, ah nindot gihapon ang imong pang pamati ug makahunahuna gihapon kag tarong sama sa na ka sa baybayon. Oh maas maayo gyod pud nga sa baybayon kay ngya mangod sa dagat pag na ka diha, daghan ka gustong kaonon. Makakaon kaon kag tarong o unsay imong gustong kan-on kay gutomon man gyod ka basta na ka daplin sa baybayon. Sa bukid pud, ah dili kaayo bati og gutom. Mao na nindot gyod pud sa daplin sa baybayon.",0.1981981981981982,17,4,1,90,0.052364864864864864,7,14,10,571
CEB_013,Cebuano,male,Philippines,Tagalog / Filipino,Philippines - Manila (Tagalog),Linux,Mobile,93,35-44,True,native,008_014,76,"Ah, wala pa pod ko kasulay nga nagapalit mi anang mga bayo kay pwede lang man ang himuon namo dinhi sa amoa sa bukid. So mao lang gani ka simple. Pwede ra man mi maghimo anang mga bayo kay dali ra man na himuon dinhi. Daghan man mga kahoy dinhi sa amoa sa bukid nga pwede namong magamit himuong bayo. Kay dili ka ayo mi naga-- gagmay lang man pud among mga lusong dinhi, dili dagko. So gamay lang pud, daghan man kaayo. Labi ka anang bayabas nga punoan, pwede man nang himuon.","Ah, wala pa pog ko kasulay nga nagapalit mi anang mga bayo kay pwede lang man ang himuon namo dinhi sa amoa sa bukid. So mao lang gani ka simple. Pwede ra man mi maghimo anang mga bayo. Kay dali ra man nga himuon dinhi. Daghan man mga kahoy dinhi sa amoa sa bukid nga pwede namong magamit himuong bayo. Kay dili ka ayi mi naga-- tagmay lang man pud among mga lusong dinhi. Dili dagko. So gamay lang pud. Daghan maayo. Labi ka anang bayabas nga punoan. Pwede man ang himuon.",0.16129032258064516,14,1,0,78,0.03571428571428571,10,5,2,461
CEB_013,Cebuano,male,Philippines,Tagalog / Filipino,Philippines - Manila (Tagalog),Linux,Mobile,144,35-44,True,native,008_015,77,"Dili na ko matantya kung pila ka baso gyud akong ginainom kay ang usa ka galon mangud mao na akong ginadala nga ginainom. Usahay matunga siya sa tibuok adlaw, usahay pud mahurot gyud ang usa ka galon. Labi na kanang naami trabaho nga bug-at dinhi sa bukid. Ah, nagapala mi og mga yuta, nagabara og mga yuta. Mao na nga hapit gyud mahurot ang usa ka galon sa tibuok adlaw na ko nga pagtrabaho. Mao na nga kay dili man ko pwede nga walay tubig sa akong tapad og nagatrabaho ko bug-at kay dali ra ko uhawon. Unya paspas pud ang akong singot. Mao na nga, ah, nagadala gyud ko og usa ka galon tubig kay dili na na ko ginabasobaso kay tungabon ra man nako ang galon. Nya ako man pud tung galon nga imnanan. Gihugasan ra pud siya inig human ug inom.","Dili nako matantya kon pila ka baso gyud akong ginainom kay ang usa ka galon mangud mao na akong ginadala nga ginainom. Usahay matunga siya sa tibuok adlaw, usahay pud mahurot gyud ang usa ka galon. Labi na kanang naami trabaho nga bug-at dinhi sa bukid. Ah, nagapalam yo og mga yuta, nagabara og mga yuta. Mao na nga hapit gyud mahurot ang usa ka galon sa tibuok adlaw na kong nga pagtrabaho. Mao na nga kay dili man ko pwedeng mawalay tubig sa akong tapad og nagatrabaho ko bug-at kay dali ra kong uhawon. Unya paspas pud ang akong singot. Mao na nga, ah, nagadala gyud ko og usa ka galon tubig kay dili na nako ginabasobaso kay tungabon ra man ako ang galon. Nya ako man pud tung galon nga himnanan. Gihugasan ra pud siya ig ikoman og inom.",0.11805555555555555,14,3,0,127,0.03099730458221024,6,8,9,728
CEB_013,Cebuano,male,Philippines,Tagalog / Filipino,Philippines - Manila (Tagalog),Linux,Mobile,137,35-44,True,native,008_016,78,"Oo, suod man. Wala man mi ingon nga kagubot dinhi. Na kon naay mga ginagmay nga dili pagkasinabtanay, masulbad ra man pod kay ingon ana man gyud. Nya ang amoa ra pong mga silingan diri, magpamilya ra man mi tanan dinhi. Dili man mi ingon nga nagkalain-lain nga mga pamilya kay ang kaning yuta mangud nga among gipuy-an nga kabilin sa among mga apohan, isa ra pud ang tag-iya ani kaniadto. Nya gibahin-bahin na pud sa magsuon nila ni mama. Oo na nga pareha lang gihapon mi dinhi namuyo nga magsuon ra pud sa akong inahan. So mga paryente lang mi tanan nga namuyo dinhi aning yuta. So dili kaayo ingon nga naay mga dili maayo nga pagtinagdanay. Naay mahitabo ingon ana panagsa pero ah ginasabot ra pud sa uban kay ingon ana man kinahanglan magin magsinabtanay.","Oo, suod man. Wala man mi ingon nga kagubot dinhi. Na kon naay mga ginagmay nga dili pagkasinabtanay, masulbad ra man pod kay ingon ana man gyud. Nya ang among ara pong mga silingan diri, magpamilya ra man mi tanan dinhi. Dili man mi ingon nga nagkalain-laing nga mga pamilya kay ang kaning yuta man gud nga among gipuy-an nga kabilin sa among mga apohan, isa ra pud ang tag-iya ani kaniadto. Nya gibahin-bahin na pud sa magsuon nila ni mama. Oo na nga pareha lang gihapon mi dinhi namuyo nga magsuon ra pud sa akong inahan. So mga paryente lang mi tanan nga namuyo dinhi ani nga yuta. So dili kaayo ingon nga naay mga dili maayo nga pagtinagdanay. Naay mahitabo ingon ana panagsa pero ah ginasabot ra pod sa uban kay ingon ana man kinahanglan magin magsinabtanay.",0.058394160583941604,6,0,2,131,0.010554089709762533,2,0,6,756
CEB_003,Cebuano,female,Philippines,Tagalog / Filipino,Philippines - Manila (Tagalog),Linux,Mobile,408,25-34,False,fluent,008_017,79,"Pila ka baso tubig imong inumon kada adlaw? Sa part nako, dili jud ko ka-storya kon pila ka baso mainom nako sa kada adlaw kay kanang pag-muinom ra man gud ko once na mokaon ko. Dili man ingon na routine na, inig matayon imo, muinum jud kag tubig. So taga-kaon lang na ko, sa more sa buntag kay ang tubig mainom nako nara diri sa usa or duha. Then tagsa ra kay ko uhawon pud. Nyakanang pag-uhaw nako, ana, ako pa jud na siyang pugngan. Nya ari na sad ta sa paniudto. paniudto, kung dili gani matuk-an, dili jud muinom og tubig. Pero kung matuk-an na natural jud makainom jud ko og usa or duha ka tubig, nga lahi sad tong kuannya paghuman og kaon. So na diri na sa lima. Nya ari pud sa gabie, usa or duha. So naa tanan sa pito, di jud ko kabot og eight, nya ingon daw sila na ang pag-inom sa tubig kay dapat na jud sa eight. Nya ako, talagsa ra kay ko ka abota anang eight. Pero makaabot ko usahay kay ari man sa gabie, labi nag-ub hunta kay anang atong immune, immunity nato kay perti mang hinaya, so dali ra kay ta magsakit, nya dali ra kay ko ubo-ubo. Nya pag naubo-ubo na ko, ara na ko mangayo og tubig, nya dili rabiya usa, duha. Daghan kay ko inumog tubig. Kadugayan gud ang akoa gudihi, gud malabna na man gud tungod sa kanang daghan na kay ko nainum tubig. Inom tubig, ihi sad. Inum tubig, ihi sad. Naay usahay molapas jud ko anang eight, eight na baso taga-adlaw. Na sa usahay gamay ra pud. Pero may na lang kay di man sad ko makasulti nga dili ko healthy ha kay ang style gud nako gud kay nagdako ko ako, akong ginikanan kay magsugil sa mig-utan, nya kanang utan na, anang sustansya nawa na sa iskwelas. Mao nang dili ko maglisod og sa kong part na mao nang, ""Oh, dili healthy kay dili, dili mainom og daghang tubig."" Dili, healthy ra gyapon ko. Ako lang jud naa jud koy ubo kay tungod anang sakit sa kong likod nga naliwat nako sa kong papa. Lisod man ang mga jeans kay liwat satung papa kay maglisod ta ana kay-- susaon pa nimo og-inum tubig kay makaingon na cleanse, cleanse lagi pero magsakit man gyapon. pero you know, tabang-tabang raman nuon na para atleast, para dili kay ta magsakit-sakit og kusgan kayta.","Pila ka baso tubig imong inomon kada adlaw? Sa part nako dili jud ko kastorya kon pila ka baso mainom na ko sa kadlaw kay kanang pag moinom raman gud ko once na mokaon ko. Dili man ingon na routine na inig matayon imo moinom jud kag tubig. So taga kaon lang na ko ah sa mor-- sa buntag kay ang tubig ma inom na ko nara diri sa usa or duha. Then tagsa ra kay ko uhawon pud. Niya sa kanang pag uhaw na ko, ana, ako pa jud na siyang pugngan. Ni ari na sad ta sa paniudto. Yung paniudto, di kung dili gani matuk-an, dili jud mainom og tubig. Pero kung matuk-an na, ah natula jud makainom jud ko og usa or duha ka tubig nga lahi sad tung uwa niya paghuman og kaon. So na diri na sa lima. Niya ari pud sa gabie, usa or duha. So naa tanan sa pito, dili jud ko kabot og eight. Niya ingon daw sila na ang pag-inom sa tubig kay dapat na jud sa eight. Niya ako, kalagsa ra kay ko kabota nang eight. Pero makaabot ko usahay kay ari man sa gabie, labi nag ub hunta kay anang atong immune-- immunity nato kay prati mang hinaya, so dali ra kay ta magsakit. Niya dali ra kay ko ubo-ubo. Niya pag na ubo-ubo na ko, ara na ko mangayog og tubig. Niya dili raba usa, duha. Daghan kay ko inom og tubig. Kadugayan ko lang ako og ihi, gud malabna na man gud katungod sa kanang daghan na kay ko inom tubig. Inom tubig, ihi sad. Inom tubig, ihi sad. Naay usahay molapas jud ko nang eight, eight na baso taga adlaw. Naay usahay gamay ra pud. Pero maay na lang kay di man sad nung ko makasulti na dili ko healthy ha kay ang style gud nako gud kay na dagko ko na ako, akong ginikanan kay magsugil kami ug utan. Niya kanang utan ana, anang sustansiya nawa na sa iskwelas. Manang dili ko maglisod og sa kong part na manoh, ""Oh dili healthy kay dili, dili mainom og daghang tubig."" Dili, healthy ra gyapon ko. Ako lang jud di-- naa jud koy ubo kay tungod anang sakit sa kong likod nga naliwat na ko sa kong papa. Lisod man ang mga jeans kay liwat sad tung papa kay maglisod ta ana kay-- susaha man pa nimo inom tubig kay moha-- makaingon na cleanse, cleanse lagi pero magsakit man gyapon. Ah pero you know, tabang-tabang man ona para atay para dili kay ta magsakit-sakit og kusgan ipunta.",0.2647058823529412,76,5,27,327,0.0814884597268017,53,43,77,2027
CEB_003,Cebuano,female,Philippines,Tagalog / Filipino,Philippines - Manila (Tagalog),Linux,Mobile,516,25-34,False,fluent,008_018,80,"Unsa ang imong paborito nga juice? Ako ganahan kay orange juice. Daghang mang klase nga mga flavor, nya common man ang orange juice. So, siya na, kay perminente man siya na maoy mainom, maoy maganahan, nya na-adapt pod na gikan pagkabata na maoy perminente. Ah, di wa na jud siya nawagtang na mao na jud siya ang peborito. Nya, daghan mang, like, kanang mga mango. Lami man ang mango, pero naa man gud kadugayan mang gud na murag kag maka ana, molain man imong lasa sa baba. Nya, kanang grape, lami man sad pod. Sa daghag, tanan mga juice mo sigura pa nako kay lami man. Ang grape, ang grapes kay inom ka, lami, mabuang pod ka sa ginum, suyop ka. Pagsuyop nimo kay kadugayan man pod nimo, lahi man day ning grapes ba diay imnon na juice kay murag man day kag malipong. Murag ga-inom og wine. Nya, nya kanang sang mga guyabano, di kay ko, di ko ganahan guyabano juice. Magwhite ang color, na lami, pareho ra gyud siya'g lasa sa guyabano, pero di ko ganahan. Nganong gihimo man sad juice ang guyabano no. Nya, dalandan, kanang di kay ko ga-- moinom lang ko pero di kay ko ganahan, di kay ko mabuang ani. Basta, lainon mo sad, lain man kayo na murag na na. Nya kanang kalamansi juice, lain, pareho ra na sa dalandan na, mainom man lang gani pero kay ganahan na sad gamayon kay murag lain mo kayo pag-inom nimo ani duha kay murag kag, murag kag inum kanang lemoncito nya, ay mo, di, ambot, dili siya, di kay ko ganahan. Nya, pineapple noon, kanang, kung, daghan mag klase kung ubang juice gud na ay ubang in the can naay ubang kanang sachet. Moadtu ka sa kan pineapple juice, ganahan ko atu. Nya, pero kanang pineapple, pineapple ra, daghan man ubana, pineapple na iya jung katong sa mat natural na, natural ni iyang pagka-juice na pineapple jud siya. Na may ubang kay gihimo na ng sweet. Di na kay ko ganahan sa sweet. Ganahan ko katong natural. Nya, katong, moinom, pero moinom gyapon ko ha. Nya, katong sa pineapple na gi-mix ang mango, moinom gyapon pero dili kay ko ganahan. Nya, nya, unsay pa na. Daghang mag klase. Naay ubang na berries. Moinom man tanan. Basta, naa lang juy, mo kuan lang jud, molimit lang siyay kay di na kay ko ganahan sa lasa. Kay molahi man siya'g lasa basta dili kay ko peborito. Di ka parehas sa kanang orange juice, si moinom pa karon, moinom si ko ugma. Basta butangan og ice lang, basta lami gyapon na siya. Nya, kanang isa ka pataka, basta kanang, basta sa sachet, nya timplahon pa nimo, mo atu katong orange. Pero sa katong mga de kan, adtu ko sa pineapple. Di kay ko ganahan sa, di ko ganahan sa orange kay murag wala man sad pod siguro ko nakitan orange kay pod noon. Nya daghang mang lasa ay ubang mga tea, katong citrus tea, juice man pod na style pod siguro na. Pero di ko kay ganahan. Akong bata ganahan, pero sa ako dili.","Unsa ang imong paborito nga juice? Ako ganahan kay orange juice. Daghang mang klase ma-- mga flavor, iya common man ang orange juice. So, siya na kay perminente man siya na moy mainom, moy maganahan. Iya na adapt pod na gikan pagkabata na moy perminente. Ah, di wa na jud siya nawagtang na moo na jud siya ang paborito. Iya, daghang mang like kanang mga mango. Lami man ang mango pero na mang kay kadugayan mang gud na murag kag makahuna, molain man imong lasa sa baba. Iya kanang grape, lami msad pod. Msab daghang, tanang mga juice msiguro pananakog kay lami man. Ang grape, ang grapes kay inom ka, lami. Mab- Mab- Mabuan pa ka siguro, [sips] suhip ka. Pagsuhip nimo kay kadugayan man pod imo, lahi man na yung grapes ba dig-im na na juice kay murag man kay maglipong. Murag ga inom og wine. Iya, iya kani usang mga guyabano, di kay ko ga-- di ko ganahan guyabano juice. Magwhite ang color, na lami, pareho ra gyud siyug lasa sa guyabano pod di jud ko ganahan. Manog ayimo man sad juice ang guyabano no? Iya, dalandan, kanang di kay ko ga-- moinom lang ko pero di kay ko ganahan, di kay ko mabuan man. Basta, lainon man siyag, lain man kayo na murag na na. Iya kanang kalamansi juice, lahin, pareho ra na sa dalandan na, mainom man lang gani pero kay ganahan na sa gamayon kay murag lahin makayoy pag-inom nimo og nandua kay murag kag, murag kag inum kanang lemoncito iya, ay mo-- di-- ambot, dili siya, di kay ko ganahan. Iya, pineapple noon, kanang kon, daghang mang klase kon ubang juice gud na ay ubang kay dakan, naay ubang kanang sachet. Moadu ka sa kan pineapple juice, ganahan ko adtu. Iya, pero kanang pineapple, pineapple ra, dagahan man ubana pineapple na medyo katong sa mat natural na, natural ni iyang pagka-juice na pineapple jud siya. Na ay ubang kay giymo na ng sweet. Di na kay ko ganahan sa sweet. Ganahan ko katong natural. Iya kato, moinom pero moinom gyapon ko ha. Iya, kato sang pineapple na gi-gimix ang mango, moinom gyapon pero dili kay ko ganahan. Iya, iya unsa pa na, daghang mang klase. Naay ubang na berries, moinom man tanan. Basta, nadran siyay, mokuan lan siyay, molimit lan siyay kay di na kay ko ganahan lasa. Kay molahi man siyag lasa basta dili kay ko paborito. Di ka pa sa kanang orange juice, si moinom pa karon, moinom si kuma. Basta batangan og ice lang, basta lami gyapon na siya. Iya, kanang isa ka pataka, basta kana, basta sa sachet, iya timplahan pa nimo, moo tu katong orange. Pero sa katong mga dakan, adtu ko sa pineapple. Di kay ko ganahan sa, di ko ganahan sa orange kay murag wala man sad pod siguro ko nakitang orange kay pod noon. Iya daghang mang lasa ay ubang mga tea, katong C2 tea, juice man pod na style pod siguro ma, pero di ko kay ganahan. Akong bata ganahan, pero sa ako dili.",0.27325581395348836,124,12,5,380,0.08985507246376812,115,76,57,2569
CEB_003,Cebuano,female,Philippines,Tagalog / Filipino,Philippines - Manila (Tagalog),Linux,Mobile,647,25-34,False,fluent,009_001,81,"Unsang urasa ka momata? Depende asa ko nagpuyo. Kay ku katong nagpuyo pa ko sa amoa sa probinsya, momata ko og dugay nuon kay batan-on pa man ko ato. Nga kong mata ko kay naasa alas ot-- alas diyes, alas-onsi. Kay tungod man tu magbuang tanang basa-basa, watpad pa man tu kay batan-on pa lagi ta. Nya, pero kung wala tu kanang, di pa na uso nang watpad-watpad, ang, ang kisagaran tu, kisagaran momata, mga sayo pa, mga alas sais, alas siti kay makatug magsayo. Kung momata, tug kag sayo, makatug, makamata pud kag sayo. Kay mo-- depende man na imo mata kay lisod man pud og matug kag dugay nya mata kag sayo, maglabad man ang ulo. Nya, nya sa una mog kuan man ko. Matug man ko og alas kwatro kay magbuang magsig basa-basa, watpad, nya mata na ta alas onse. Sakpan ta sa papa, sab-an pa. Karon kay kong karon na, igayun na nagpuyo na ko sudad, mata ko og alas singko or alas sais para sa akong anak, para magpaka-- ano, pagkaon kay skwela man. Pero kung wa's sila'y klase, nara dyud ko mata diri mga alas nuebi. Gani nako momatag sayo kay kapoy man sad pud sa lawas pud. Nya, kuan pa jud kanang, nganang lisod man sad pud og kanang,makuan ka nya mata, ya permanente sayog diri siyudad na. Nya, mao naman time na tu makapahuway ta kay sa lima, street na lima ka adlaw, mata tag sayo, duka-duka kaayo nya di man nato malikayan diri na dugay ka ta matulog kay siyudad man gani. Nya, katong higayon na nag-- uli may probinsya, nya, matug0, tug sayo, kay mura man sag mo, mo-react na man natong lawas, automatic na, na kuan, matug tag kay mingaw na man kaayong palibot kay wala may tawo. Nya, gamay ra pud kay mi silingan. Nya, amo pa jud balay kay napa jud mi tapad didto na murag haunted house. Abi lang jud diri makasulti og haunted house, naa gyod dayon uban mga taw mo sulti na nay nakakita daw ana. Nya, karon, pag naa didto sa balay, matug gyud kag sayo kay, kay kung di ka matug sayo, tag ka na kay nga mo uban na nimong palibot, na ngatug na nya ikaw mo mata nya, nya, perteng ngitngita. Basig imo pa nang, basi imong pagkaon, pagsuga, nya imong palibot kay perte man ngitngita. Wa'y jud ka mahimo, katug gyud kag sayo. Nya, matug kag sayo didto. Aw lami kay pagmata ka kanang alas, alas kwatro pa lang o alas singko mata na ay, ya lami kaayo ig mata na moanang orasa. Ah, gawas ka, presko kaayong hangin, bugnaw, nya lahi man sad pud among lugar didto kay dako man gyud kay hawan, na pwede ka didto gyud ng jogging. Paghoman nimog jogging, mga alas, alas singko, sais, ah uli ka sa balay, inom ka kape. Ah, kanang mataha na kuan, di jud ta makasulti na unsa' orasa kay di man ta pwede mo-conclude og mo jud na imong perfect na imong time nimong tingmata kay wala man, di man ka makasulti asa ka na pito'g matug, forever di, di man ko forever na magpuyo diri mang lugar. Na man jud time na mo-gawas gyud kag or mobakasyon kag lain lugar. Nya, lahi man didto. Basta ako ra masulti, hasta siyudad, ang kasagaran, mata ko diri kung nay klase, alas kwatro, singko or alas sais. Kung wala, alas nueb-- pat otso alas nuebi or alas diyes. Pero kung naa ko sa probinsya, natural na jud siya, common jud siya. Tuyo-on man ni mo dili, tug gyud kag sayo. Like mga alas otso, siti. Duka na man, pila, labi nag dugay na na alas nuwebe. So, mata na gyud ka diri mga alas kwatro, alas singko, pinakadugay na lang alas sais. Pero kanang pinakadugay sais, presko pa kaayo na hangin, nindot pa kaayo na sa lawas.","Unsa'g orasa ka momata? Depende asa ko nagpuyo. Kay kay katong nagpuyo pa ko sa amoa sa probinsya, momata ko og dugay mooon kay batan-on pa man ko ato. Nga kung mata ato kay nasaaa alas ot-- alas diyes, als-onse. Kay tungod man tu magbuang tanang basa-basa, watpad pa man tu kay batan-on pa lag-i ta. Nya, pero kung wala tu kanang di pa na uso nang watpad-watpad, ang, ang kisagaran tu, kasagaran momata, mga sayo pa, mgaaa alas sais, alas sete kay makatug magsayo. Kung momata, tugkag sayo, makatug, makamata pugkag sayo. Kay mo-- depende man na imomata kay lisod man pud og matug kag dugay nya matakag sayo, maglabad man ang ulo. Nya, nya sa una moog kuan man ko. Matug man ko alas kwatro kay magbuang magsig basa-basa, watpad, nya mata na ta alas onse. Sakpan ta sa papag, sab-an pa. Karon kay kung karon na, igayun na nangapuyo na ko sudad, mata ko og alas singko or alas sais para sa akong anak, para magpaka-- ano, pagkaon kay eskwela man. Pero kung wala day klase, nara dyud ko mata diriig mga alas nuebe. Ganon ako matag sayo kay kapoy man gani sad lawas pud. Nya, kuan pa jud kanang, nganang lisod man sad pud og kanang moan ka mata, ya permenteng sayo diri sudad na. Nya, mooon na man time na tu makapahuway ta kay sa lima, street na lima ka adlaw, mata tag sayo, duka-duka kaayo, nya di man na tu malikayan diri na dugay ka ta matulog kay sudad man gani. Nya, katong igayun na nag-- uli may probinsya, nya, matug, tugkag sayo kay mura man sag mo, mo-react na man natong lawas, automatic na, na kuan, matug tag kay ngingaw naman kaayo palibot kay wala may tawo. Nya, gamay ra pud kay may silingan. Nya, amo pa jud malay kay napa jud mitapa didto na murag haunted house. Adtilang jud diri magkasulti ug haunted house, diay jud day uban mga ta magsuulti na nay nakapita daw ana. Nya, karon, pagnaa didto sa balay, matug jyog kag sayo kay, kay kung di ka matug sayo, tag ka na kay anoo, anoo ba nang ani mong palibot, moan tug na nya ikaw mo mata nya, nya, permenteng ngitngit da. Basig imo pa nang, basi imong pangaon pang suga nya imong palibot kay permenteng ngitngit da. Wa jyud ka mahimo, katug jyog kag sayo. Nya, matug kag sayo didto, aw lamay kay pagmata kag kanang alas, alas kwatro pa lang o alas singko mata na ay, ya lamay kaayo ig mata na moong orasa. Ah, gawas ka, prisko kaayo ang hangin, bugnaw, nya lahi man sad pud mang lugar didto kay dako man jyog kay ngawa, na pwede ka didto jiging jogging. Pagmo man mang jogging, mga alas, alas singko, sais, ah uli ka sa balay, inum ka kape. Ah, kanang mataha na kuan, di jyud ta mang kasulti na unsa'g orasa kay di man ta pwede mo-conclude og mooon jyud na imong perfect na imong time nimong tingmata kay wala man, di man ka makasulti asa ka na pitoon mo, forever day, di man ko forever na magpuyo diri mang lugar. Na man jyud time na mo-gawas jyog kag or mobakasyon kag lain lugar. Nya, lahi man didto. Basta ako ra masulti, asta sudad, ang kasagaran, mata ko diri kung nay klase, alas kwatro, singko, or alas sais. Kung wala, alas nueb-- als otso or alas nuebe or alas diyes. Pero kung naa ko sa probinsya, natural na jud siya, common jud siya. Tuyo-on man nimo dili, tug jyog kag sayo. Like mga alas otso, sete. Dugka naman, pila, labing dugay na na alas nuebe. So, mata na jyog ka diriig id mga alas kwatro, alas singko, pinakadugay na na alas sais. Pero kanon pinakadugay sais, prisko pa kayo na hangin na, hindot pa kayo na sa lawas.",0.23493044822256567,124,16,12,507,0.07565498969679128,101,74,82,3222
CEB_003,Cebuano,female,Philippines,Tagalog / Filipino,Philippines - Manila (Tagalog),Linux,Mobile,618,25-34,False,fluent,009_002,82,"Giunsa nimo pagluto ang baboy? Ah, daghan klase depende sa nakamahuan. Diman ko chief cook so ako ra nahibaw-an gamay ra jud. Ang klase sa akong nahibaw-an kay prito. Ah, butangan ra nimo nag asin niyá prituhon nimo dayon kay dali ra man na kasanan gud. Niyá, lami man pud gyapun na sud-anon in-ana kay kagumkom Maonay common perminte kay kung dinali-an na nimo, no need naka mag-- dini naka mag-- kanang maghiwa-hiwa pag mga sagol. Prito lang ka diretsu. Niyá, menudo. Ah, kanang menudo, kuan nana siya, depende na na sa mag-birthday. Kay kung magluto ka ug kanang normal ra na walay, walay okasyon, ah, di sad siya mahimo kay gusto man siya. So magluto kog-- kamao ko molutog menudo. Pero kuan ra siya, pang okasyon man siya na birthday, kanang molak-- molaag mo, maligog dagat, niyá kanang party-party, kana. Niyá, kuan sad, ah, kanang baboy-- ah, pansit na butangan og baboy. Igo raman sad na isubak nang baboy ana. Niyá, kuan sad bab-- humba na baboy. Kana, maoy lami kay butangan lang nimog asukal. Ah, pung-- niyá kaso lang, lat-an sad na nimo pagmaayo kay ang baboy gud medyo dugtahi gyud na siya kan-on kadnano na siya'g taas pasensya kay kanang di siya basta-basta ba na mahumok ba. Unyá, ang ilakam ura-- moabot gyudsiguro nakog ganahan gyud ka gumhok ka sanan, moabot siya og usa ka oras. Pinakadugay na nang usa ka oras para mahumok nadyud na siya. Niyá, kay nigum-umok ana niya, butangan nimog mga lamas. Niyá, lamas ana niya butangag suka butangan nimog asin bitsin, butangag kanang kuan, beans. Ang kanang beans optional ra na nimo kung, kung naa kay kwarta, pag wa gani, ah ay nalang na butangi. Niyá, butang-- ako, kung ako palutoon, aw, butangan jud na nakog siyag pineapple kay para lang na siya mo-- tam-is ba. Niyá, basig butangana nana siyay asukal, butangan gyapon nimo na siyag kanang kuan kay malahi man iyang, lahi man iyang lasa kung butangan siya atu. Butangan nimog ahos, patis, butangag kuan, kung soy sauce ay oyster sauce. Niyá, luto nimo ana kay lat-an naman tu, dali na kay siya maluto. Sa katan-- kana tanan, ay feel nako ma-- para naku da-- napa man siguro koy nakamaauan sa pagluto sa man-- baboy ba. Pero wala naku kahinumdum, kana ra akong gipangnulti. Maura siyay common na mga luto ba kay Pinoy man ta. Kung lahi pa tang tao pa lang niyá, niyá, or chief cook man tas kuan kay daghan ta nahi baw-an. Niyá ako kay, natular ra man ta na, na tao ra man ta, random ra man tang tao diris kalibotan diris Pilipinas. Ako nabaw-an, ako ra pong naandan sa pagkabata. Na-adapt ra pud na naku kay kung kuan pa ta, aw, maayo pa ta kay moluto, ah mo proceed tag kanang kuan oy, mo- mo-kuan tag culinary na eskwela para at utu ipagawas atong pagkalami-on na mga nilutong sud-an. Kaso kay, wa man ta ana. Daon man ta na ra ta daon. Ah, maura-- na, kutob ra ta diha. Dina ta pwede molapos sa atong mga pangandoy na dili nato makab-ut. Bisag unsaon nimo na, maura jud na imong kabaw-an. Alangan magpataka na ka naa koy kausa nagluto ko ginaan ko sakongpapa unsa man ning luto a? Kabaw ka unsay pangan ani? Ah di ta katubag kay wa man tay patitle anang mga, mga pangan-- aw, aw man tay ikapangalan anang luto a. Karo ara pa man gani ko nkahibawo gani ako papa na dapat tagaluto gani nimo naa Naa jud diay na siyay pangan diay kay kung, kung magluto, luto ra man diay ka na way pangalan. Ambot na lang ako papa. Reklamador kaayo niyá anang sawayon kay ka. Manaway papa naku.","Giunsa nimo pagluto ang baboy? Ah, daghan klase, depende sa nakamauwan. Diman ko chief cook, so ako ra nay baw-an gamay ra jud. Ang klase sa ko nalbaw-an kay prito. Ah, butanga ra nimo nag-asin, niya prituon nimo dayon kay dali ra man na kasanan gud. Niya, lami man pud ya pun na sud ano na na kay kagumkom niya, mon nay common term inte kay kung dinali-an na ni mononod lang ka mag-- dili nay ka mag-- kanang magihiwa pag mga sagol, prito lang ka diretso. Niya, menudo. Ah, kana menudo, kuan na na siya, depende na na sa mag-birthday. Kay kung magluto ka ug kanang normal ra na walay, walay okasyon, ah, dili siya mahimo kay gusto man siya. So magluto ko, kamau ko magluto og menudo, pero kuan ra siya, bang okasyon man siya na birthday, kanang lak-- laag mo, aliw dagat, niya kanang party-party, kana. Niya, kuan sad, ah, kanang baboy, ah, pansit na butangan og baboy. Igwa ra man sad nay subak ng baboy ana. Niya, kuan sad bab-- humba na baboy. Kana, monlami kay laghanan nimo og sukal, ah, pung-- niya kaso lang, latan sad na nimo pagmaayo kay ang baboy gud medyo dugtahi gud na siya kan-on niya kadnano na siya'g tas pasensya kay kanang dili siya basta-basta ba na mahumok ba. Niya, ang ilakam ura moabot si siguro na kung ganahan ka gud humok ka sanan, maabot siya og usa ka oras. Pinakalugay na nang usa ka oras para mahumok di jud na siya. Niya, kon iguma-umok na ni iya, lagtanga nimo og mga lamas. Niya lamas ana niya, lagtanga og sukal, lagtanga nimo og asin bitsain, lagtanga og kanang kuan, beans. Ang kana beans optional ra na nimo kung, kung naay kwarta, pag-waga ni, ayan na lang na butangi. Niya, butang-- ako, kung ako palutoon, aw, butangan jud na na ko siya og pineapple kay para lang na siya mo tam-is ba. Niya, basi busang ana na siya og sukab, tangan jud pa na ni ko siya og kanang kuan kay malahi man iyang, lahi man iyang lasa kung tangan siya tu. Tangan nimo og ahos, patis, tangan nimo kuan, kung soy sauce ay oyster sauce. Niya, luton nimo ana kay latan man tu, dali na kay siya maluto. Sa katan-- kana tanan, ay feel nako ma-- para nako da-- napa man siguro koy nakamauwan sa pagluto sa man-- baboy ba. Pero wala nako kay nom-nom, kana ra akong gipangulti. Maora siyay common na mga luto ba kay Pinoy man ta. Kung lahi pa tang tao pa lang niya, niya or chief cook man tas kuan kay daghan ta nay baw-an. Niya ako kay natula ra man ta na, na tao ra man ta, random ra man tang tao diri sa Kalibutan, diri sa Pilipinas. Ako nalbaw-an, ako ra pung naandan sa pagkabata. Na-adapt ra pud na na ko kay ikong kuan pa ta, aw, maayo pa ta kay moluto, amo proceed tag kanang kuan ay, mos- mo-uan tag culinary na eskwela para atuo toy pag-awas atong pagkalami-on na mga nilutong sud an. Kaso kay maman taan na. Daan man ta, naratay daan. Ah, maora-- na, kutob ra ta diya. Dili na ta pwede molapos sa tuman nga pangandoy na dili na to makaput. So taon nimo na, maora jud nimo ang kabaw-an. Walay nga mapataka na kanang ako ikaw usang nagluto ko ginang, si kong papa, ""Unsa man ning luto a? E ba'w ka usay pangana ni."" Aw di ta katubag kay aw man tay patay tula na mga, mga pangan-- aw, aw man tay kapangalan ng luto a. Karo ara ba mangga ni kuan kay baw ga ni ako papa na dapat tagaluto ga ni nimo. Naman jud di siyang pangana dai kay kung, kung magluto, luto ra man dai kana way pangalan. Ambot na lang ako papa, reklamador kaayo niya anang sawayon kay ko. Manaway papa na ko.",0.41423948220064727,202,11,43,405,0.12338044758539458,157,133,129,3106
CEB_003,Cebuano,female,Philippines,Tagalog / Filipino,Philippines - Manila (Tagalog),Linux,Mobile,507,25-34,False,fluent,009_003,83,"Mobiyahe ka ba tungod sa trabaho? Oo, kay mao man ang natural na buhaton. Manjud mo-travel, mobiyahe man jud kay para masuwelduhan ka. Inig human nimog sa trabaho nimo sa usa ka buwan. Nya kanang biyahe na, na giingon ay kung gikan ka probinsya para lang mangita kag trabaho, Buhaton jud nimo kay kung ngadto ka probinsya, wa may kwarta didto. Nya need man pud nimo kwarta kay unsa man pagkabuhi sa tawo nga wa'y kwarta, wa'y kapait bugas. Nya ang kwarta naa man sa syudad, wala man sa probinsya. Naa man gani trabaho sa probinsya pero gagmay man pud ang sweldo. Nya, igo nalang jud igoon nimu sa isa ka adlaw nalang nimu kuhaon dili nalang jud ka kapalit, igo ra jud nakaon. Dika parehas kung mobiyahe kag pudong sa syudad para lang manarbaho kay enough jud siya, sakto jud siya para maka-kuwan jud ka, maka-afford kag dili ra kaon, Makapalit ka sa imong mga gustong pamaliton. Nya kung inaon nato na biyahe tungod sa trabaho, kanang adlaw-adlaw, aw, natural natu mobiyahe jud ka taga-adlaw. Nya kon unsay muingon sila nang trab-- trabaho or kompanya na kadang, ""Oh, kani imuhang trabahoan nya kutob ra baya ka Lunes to Sabado ani ha, One day ra imuhang dayoff Aw, kung okihan mangka sa trabaho nimo, pwede man pud nimo na dawaton. Nya obserbaran lang nimo na kung kaya ba nimo. Nya, usa ra imong dayoff Nya okay ra nimo nga kanang swelduha unya mao na imong kahimtang nimo. Kung dili nimu kaya, pwede man ka mangitag lain trabaho. Labi na ug Ni ana siya nga nsaubraan pud siya labi nag naa pud mga overtime. labi na'g naay pud mga overtime, nya mobiyahe-biyahe ka pa, Nya, mag biyahe-biyahe kapa nya dako kaykag gasto sa biyahe-biyahe unya gamay rakag sweldo. Depende nana nimu ug mu undang ka. Mu surrender ka. Kon di ka mo-surrender, aw, pwede ra man sad pud nimo antuson na. Nya naman kaso lang ang tawo kay di man mangkontento jud. Nya kung abot pud sa uwan-uwan, tungod pud sa uwan-uwan, aw, natural jud siya pud na, na bisag uwan pa na imo jud nang mobiyahe jud ka, bahalag mabasa ka, biyahe jud ka. Kay nganong di man ka mobiyahe na, na di man ay-- wa man nagingon nga mo bagyo, uwan-uwan ra man na siya, ig pwede man ka magdalag payong, aw, lakaw jud ka. Nya saka ka didto para adto pudong trabaho. Aw, dili na-- walay excuse-excuse na siya. Depende na lang siguro kung muan pero wa jud ko nabantayan, mura nga ko ran jud nabantayan na excuse pud kanang mura lag mo-out lag sayo sa trabaho. Pero walay trabaho siguro ang moana og di po-- di-off, di-off, na-- aw, di-off na kanang mo-di-off lang jud para lang sa anang bagyo? Aw, wala na. Antus ka jud basta kwarta nay gi hisgutan. Mao na jud nay kinabuhi na turon sa tawo diri ilabi-- ilibutana. Wa tay mahimo. Depende na lang siguro og negosyante ta. Nya kung trabahante ta, aw, magkuwan ta. Antus jud ta ani.","Mobiyahe ka ba tungod sa trabaho? Oo, kay mao man ang natural na buhaton. Manjud mo-travel, mobiyahe man jud kay para maka-- masuwelduhan ka. Inig uma ni mog sa trabaho nimo sa usa ka buwan. Nya kanang biyahe na, na giingon ay kung gikan ka probinsya para lang mangita kag trabaho, aw buhaton jud nimo kay kung ngadto ka probinsya, wa may kwarta didto. Nya need man pud nimo kwarta kay unsa man makabuhi istawa na wa'y kwarta, wa'y kapait bugas. Nya ang kwarta naa man sa syudad, wala man sa probinsya. Naa man gani trabaho sa probinsya pero gagmay man pud ang sweldo. Nya, di na nan jud-- igo na nan jud igo ani mo sa usa ka adlaw na imong kuan, di na ni ka kapad igo ra jud ka nakakaon. Dika-- pramis kung mobiyahe kag pudong sa syudad para lang manarbaho kay enough jud siya, sakto jud siya para maka-kuwan jud ka, maka-afford kag daily ra kaon, maka-- makapalit ka sa imong mga gustong pamaliton. Nya kung inaon na tu na biyahe tungod sa trabaho, kanang adlaw-adlaw, aw natural na tu mangbiyahe jud ka tagadlaw. Nya mao kon unsay mayon sila nang trab-- trabaho or kompanya na kadang, ""Oh, kani imong trabahoan nga kutob rabii ka Lunes to Sabado niha, Monday, Monday ra imong di-off."" Aw kung okihan mangka sa trabaho nimo, pwede man pud nimo na li-- imduwaton. Nya obserbahan lang nimo na kung kaya ba nimo. Nya, nya Monday ra imong di-off. Nya okira nimo ang kanang swelduha na, mao na imong kahiyungtang nimo. Kon di ka-- kung kon di nimo kaya, apwede man ka mo-- mo-- moongita kag laing trabaho, labi na og niana siya na nasobraan pud siya, labi na'g naay pud mga overtime, nya mobiya-biyahe ka pa. Nya dako kay kagasto sa biya-biyahe, nya gagmay ra ang sweldo, ni mao pa diyan ang kuan, aw kana di na siya na depende na na nimo kung moondang ka, mosurrender ka. Kon di ka mo-surrender, aw pwede ra man sad pud nimo naantusona. Nya naman kaso lang ang tawo kay di man mangkontento jud. Nya kung abot pud sa uwan-uwan, tungod pud sa uwan-uwan, aw natural jud siya pud na, na basig uwan pa na imo jud nang mobiyahe jud ka, mahulag ma basa ka, biyahe jud ka. Kay anong di man ka mobiyahe na, na di man ay-- wa man nagingon aga bagyo, uwan-uwan ra man na siya, ig pwede man ka magtagpayong. Aw lakaw jud ka, nya sakay ka didto para adto pudong trabaho. Aw dili na-- walay excuse-excuse na siya. Depende na lang siguro kung muon, pero wa jud ko nabantayan. Murag naka ko ran jud nabantayan na excuse pud kanang mura lag mo-out lag sa iyo, sa trabaho. Pero walay trabaho siguro ang manaw di po-- di-off, di-off, na aw di-off na kanang mo-di-off lang jud para lang sa anang bagyo? Aw wala na. Antus ka jud ma sa kwarta nay giisugutan. Mao na jud nay kinabuhi na turon sa tawo diri ilabi ilibutana. Kay maay mo. Depende na lang siguro og nigusaan tita. Nya kung trabahoan tita, aw magkuwan ta. Antus jud ta ani.",0.3234714003944773,120,13,31,374,0.14548736462093864,131,116,156,2523
CEB_003,Cebuano,female,Philippines,Tagalog / Filipino,Philippines - Manila (Tagalog),Linux,Mobile,605,25-34,False,fluent,009_004,84,"Igo ba ang imong sweldo? Sa tinuoray lang na istorya dili gyud siya igo. Ang minimum wage nga gihatag karon sa atong gobyerno diri sa Bisaya nga probinsya kay naa juydiperensya sa Manila, sa national na sweldo. Kay kung ingnun nato nang sweldo sa, sweldo sa minimum wage sa Manila kay seven hundred. Sampol ra na siya. Diri sa Bisaya kay five hundred. Dili gyud siya kaigo kay, kay napay daghan gyud siyag kaltas gud, na pay PhilHealth, naay siyay kanang unsay tawag ana, mga SS, na pay coop, apil pa kung bana'g nag coop. Dili ra na mao, daghan pa gyud siya'g kanang daghan siya'g kaltas, mga, mga motor na gikuha sa kompanya kay maoy gamit niya sa iyang panarabaho. Dili gyud siya kaigo gyud kay nako'y bata gud, duha ka buok. Kinahanglan nako mag-grocery taga duha ka aw after human sausa ka semana. Nya akong gastos ana moabot og usa ka libo to two thousand. Nya ug di lang nako igoon, dili ko maningkamot makakwarta sa ko online. Di siya maigo, magsaligan ra na siya. So, makasulti ra ko, kung, kung mag-agad lang mi sa, mag-agad ta sa minimum wage, dili gyud siya igo. Pero kung nindot imong trabaho, nya ara'y ka sa mga nindot na mga ipang- ipang apply-an, nga dako gyud siyang sweldo, nga labwan pa na nimo imong minimum wage, o kana hinoon ma igo. Kay para ay isyu ra ko masulti karon kana ray imong sweldo namo ang dili ko maka-sugid paigo. Maigo ra man ka mabuhi. Dili na ay, dili kaka-balay ipalit balay gyud ana para makatukod kag balay, makapalit og luti Dili ay, maigo ra gyud na siya, mga igo ra nimo makaon, mabuhi kag isa ka adlaw. Nya mopalit pa ka imo pang tipid-tipiron. Dak-o nimo, dili kana, dili pa ka magduduha pa ka, mopalit pa kag tubig, magda ka kag tubig sa balay. Maglakaw ka, dili ka magda kay dili man kakapod, bisan mineral water pa na ay dagka-- mahal na man kaayo. Mopalit kag tubig, sig tag diyes, na sa gawas. Ang ila pud patungan dako na kaayo. Ang sweldo mao ra na, dili mahimo ay. Nya mao na ang dili, mao na ang ako, mag- mang-raket na lang ko'g kos online kay para lang maka- maka-tabang-tabang sa iye kay mga bayrunon karon sa mga, sa mga bill nato. Ay, nagkamahal pagtaman samot, samot ni gobyerno ay. Palabihan man na ani mga ilang pamati nila. kahibaw na ga lisod na nga tawo ay, mao ra gihapon ang sweldo na ikaw, gahatag nato mga Pilipino. Dili man gyud siguro ta mo diri sa mabuhi ani kalibutana kay lisod-lisoron man ta. Ang uban man gani diha, susyala kaluoy nato. Mao bitaw siguro karon nya mga tawo diha na mangawat na lang man na kay para may kwarta ika, ika-afford mag-asa ka padung. Mangawat nalang ta ani. Ah joke lang. Basta, mao ra tuang masulti nako, dili na kaigo ang sweldo. Pare, sus ka narabaho pa lang kos gawas, kung naa lang jud koy kwarta. Adto na lang kos gawas oy kay may pa didto, sige na, simple kay mong panarabaho didto. Simol masig mangkuanra ka, mag-maid ra ka, mga pinaka-mubo na na. mas dako pagsweldo nila didto sa kanang kaysa nato diri mga minimum wager. May pag kanang, may pag na lang og kanang ihwa ta na imong pinoy na lang ani kay abusar pa, abusar pa da mga, mga na sa gobyerno. Sila pay dako'g sweldo. Kita luoy ta ani kay kita may na kurakotan ani, gagmay lang kitag mga sweldo. Sila may nag-a kuan, kita nagpadayun ra gihapon tag pinobre style ani. Ay naku","Igo ba ang imong sweldo? Sa tinuoray lang na istorya, dili gyud siya igo. Ang minimum wage nga gihatag karon sa atong gobyerno diri sa Bisaya nga probinsya kay naay diferensya sa Manila, sa national na sweldo. Kay kon-un nato nang sweldo sa, sweldo sa minimum wage sa Manila kay 700. Sampol ra na siya. Diri sa Bisaya kay 500. Dili gyud siya kaigo kay, kay napay daghan gyud kitsa'g keltas gud, na pay PhilHealth, naay siyay ganang unsa tawag ani, mga SS, na pay coop, apil pa kung ba nag coop. Dili ra na maoo, daghan ta gyud siya kanang kal-- kay siya keltas, mga gam-- mga motor na gikuha sa iyang kay maoy gamit niya sa iyang pang-narabaho. Dili gyud siya kaigo gyud kay nako'y bata gud, duha ka buok. Kay nanon na ko mag-grocery tag-a duha ka-- aw after a month o usa ka semana. Nya akong gastusan na moabot og skalibot 2,000. Nya, kung dili na nako igoon, di ko na ning kamot makakwartar sa ko online. Di siya maigo, magsaligan ra na siya. So, makasulti ra ko, kung, kung mag-agad laman sa, mag-agad ta sa minimum wage, dili gyud siya igo. Pero kung nindot imong trabaho, nya ara'y ka sa mga nindot na mga ipang-- panggapag-apply-an, nga dako gyud siyang sweldo, na labwan pa na nimo imong minimum wage, oh kana ay nuan na igo. Kay para ay isip nga masulti karon kana imong sweldo na mo, ma'am, di ko maka-- maigo. Maigo ra man ka mabuhi. Dili na-- dili ka ka bale-- i-- palit balay gyud ana para makatukod kag balay, makapalit og lubi. Dili oy. Maigo ra gyud na siya, mga igo ra nimo makahon, mabuhi kag skalaw. Nya mapalit pa ka imong pangtipid-tipiron. Dak-o nimo, di kay nang-- di pa ka magtuduha pa ka, mumpait pa kag tubig, magdape ka kag tubig sa balay. Maglakaw ka, di ka magdaha kay di man makakaafford sa mineral water pa ay dagka-- mahal na man kaayo. Mapalit kag tubig, sige tag siyes, na sa gawas. Ang ila papatungan, dako na kaayo. Ang sweldo mao ra na, di mahimo ay. Nya mao na di-- mao na ng ako, mag-raket na lang ko'g us online kay para lang maka, maka tabang-tabang siyay kay mga barogon karon sa mga, sa mga bill nato. Ay, nagkamahal pagtaman sa mo-- sa mot ning gobyerno ay. Kalabihan man na ni mga ilang pamati nila. Ibaon na gali sud nang nga tawo yung, mao ra gihapon ang sweldo na ikaw, gahatag nato mga Pilipino. Dili man gyud siguro tawo di sa mabuhi ani kay buot ana kay lisod-lisod ra man ta. Ang uban manggani diha, susya ila kaluoay nato. Maabita siguro karon niya mga tawo diha na mangawat na lang man na kay para may kwarta ika, ika afford mag-asak padung. Mangawat na ta ani. Ah, joke lang. Basta, mao ra tu'g masulti nako, dili na kaigo ang sweldo. Pare, sus ka narabaho pa lang ko's gawas kung nalanguy ko'y kwarta. Adto na lang ko's gawas ay kay may pa didto, sige na, simpol kay mong panarabaho didto. Simmun, masig mang-an ra ka, mag-mid ra ka, mga pinaka-ngubo na na. Sadako pagsweldo nila didto sa kanang kaysa nato diri mga minimum wager. May pag kanang, may pag nalang og kanang ihwa ta na imong pinoy na lang ani kay abusar pa og swel-- abusar pa da mga, mga na sa gobyerno. Sila pay dako'g sweldo. Kita luoy ta ani kay kita maay na kurakota na ni, kag maay lang katag banga'g sweldo. Sila maay nanga kuan, kita natprayo ra gihapon tag pinobre style ani. Ay nako",0.31074380165289256,145,22,21,438,0.11922365988909427,123,149,115,2974
CEB_004,Cebuano,male,Philippines,English,Philippines - Visayan English,Linux,Desktop,305,18-24,True,native,009_005,85,"Kung mangutana ang usa ka tawo kung unsa kong gikahadlokan, ang akong tubag mao ang kapak- kapakyasan. Mahadlok ko nga dili na ko makab-ot ang akong mga tumong og mapakyas sa akong mga responsibilidad, labi na sa akong pag-eskwela. Sa matag buluhaton nga akong buhaton, gusto nako nga maayo ang resulta. Usahay makabati ko og kabalaka kong adunay eksaminasyon, proyekto o presentasyon sa klase. Mahadlok usab ko nga mapakyas ang akong pamilya ug ang mga tawo nga nag salig kanako. Gusto ko nga ipakita kanila nga naningkamot ko sa tanan nakong buhaton. Bisan usahay lisod ang mga hagit, padayon gihapon ko sa pagpaningkamot aron mahimong mas maayo matag adlaw. Usa pa sa akong gikahadlokan mao ang pagkawala sa mga tawo nga akong gihigugma. Importante kaayo alang kanako ang akong pamilya ug mga higala. Nalipay ko kon magkauban mi og magtinabangay sa matag higayon. Mao nga nag-ampo ko kanunay nga hatagan sila og maayong panglawas ug kaluwasan. Usahay mahadlok usab ko sa paghi-paghimo og dagkong desisyon tungod kay basin ma sayop ko. Apan nakakat-on ko nga ang sayop kabahin sa kinabuhi. Ang matag kasinatian, maayo man o dili, nagtudlo kanako og bag-ong leksyon ug nagpalig-on sa akong pagkatawo. Kon makabati ko og kahadlok, dili ko pasagdan nga mopugong kini sa akong mga damgo. Imbis nga mo undang, paningkamotan ako nga magtuon pag-ayo, mangayo og tabang sa ako pamilya ug mga magtutudlo, o mag-practice aron mas mo salig ko sa akong kaugalingon. Nagtuo ko nga ang kahadlok dili angay likayan, kong dili atubangon sa matag higayon nga mabuntog nako ang akong kahadlok. Mas mo dako ang akong pagsalig sa akong kaugalingon ug mas andam ko sa mo abot nga mga hagit. Bisan dili perfekto ang akong kinabuhi, padayon ko sa pagpaningkamot, pagkat-on ug pagtuo nga makab-ot nako ang akong mga pangandoy pinaagi sa kakugi, determinasyon og paglaom.","Kung mangutana ang usa ka tawo kung unsa akong gikahadlokan, ang akong tubag mao ang kapak-kapakyasan. Mahadlok ko nga dili na ko makab-ot ang akong mga tumong og mapakyas sa akong mga responsibilidad, labi na sa akong pag-eskwela. Sa matag buluhaton nga akong buhaton, gusto nako nga maayo ang resulta. Usahay makabati ko og kabalaka kon adunay eksaminasyon, proyekto o presentasyon sa klase. Mahadlok usab ko nga mapakyas ang akong pamilya ug ang mga tawo nga nagsalig kanako. Gusto ko nga ipakita kanila nga naningkamot ko sa tanan akong buhaton. Bisan usahay lisod ang mga hagit, padayon gihapon ko sa pagpaningkamot aron mahimong mas maayo matag adlaw. Usa pa sa akong gikahadlokan mao ang pagkawala sa mga tawo nga akong gihigugma. Importante kaayo alang kanako ang akong pamilya ug mga higala. Nalipay ko kon magkauban mi og magtinabangay sa matag higayon. Mao nga nag-ampo ko kanunay nga hatagan sila og maayong panglawas ug kaluwasan. Usahay mahadlok usab ko sa paghi-paghimo og dagkong desisyon tungod kay base sa sayop ko. Apan nakakat-on ko nga ang sayop kabahin sa kinabuhi. Ang matag kasinatian, maayo man o dili, nagtudlo kanako og bag-ong leksyon ug nagpalig-on sa akong pagkatawo. Kon makabati ko og kahadlok, dili ko pasagdan nga mopugong kini sa akong mga damgo. Imbis nga moundang, paningkamotan ako nga magtuon pag-ayo, mangayo og tabang sa ako pamilya ug mga magtutudlo, o mag-practice aron mas mosalig ko sa akong kaugalingon. Nagtuo ko nga ang kahadlok dili ang ayli kayan, kondili atubangon sa matag higayon nga mabuntog nako ang akong kahadlok. Mas modako ang akong pagsalig sa akong kaugalingon ug mas andam ko sa moabot nga mga hagit. Bisan dili perfekto ang akong kinabuhi, padayon ko sa pagpaningkamot, pagkat-on ug pagtuo nga makab-ot nako ang akong mga pangandoy pinaagi sa kakugi, determinasyon og paglaom.",0.06885245901639345,15,6,0,284,0.0091991341991342,2,12,3,1834
CEB_004,Cebuano,male,Philippines,English,Philippines - Visayan English,Linux,Desktop,308,18-24,True,native,010_001,86,"Karong adlawa, sayo ko ning mata aron makapad-pangandam sa akong mga buluhaton. Pagkahuman nako og bangon, nanghugas ko sa akong nawong, naglimpyo sa akong higdaanan ug nangandam sa akong kaugalingon. Human ana, nangaon ko og pamahaw aron adunay kusog sa tibuok adlaw. Pagkahuman sa pamahaw, gisugdan nako ang akong buluhaton. Nagbasa ko og pipila ka impor- impormasyon ug naghimo sa akong mga responsibilidad. Sa matag buluhaton nga akong nahuman, gibati nako ang kalipay tungod kay nahimo nako kini sa husto ug sa tukmang oras. Kung adunay lisod nga buluhaton, gihatagan nako kini og panahon ug pasensya aron masabtan ug mahuman. Pag-abot sa paniudto, mga nagpahaway ko kadiyot ug nangaon uban sa akong pamilya. Nalipay ko nga nakigistorya og nakakatawa, nakakatawa ko uban sa kanil-- uban kanila samtang nagkaon. Human sa paniudto, mipahuway ko sa makadiyot aron makabawi og kusog. Sa hapon, mimbalik ko sa akong mga buluhaton, gipadayon nako ang akong trabaho ug nahuman og pipila pa ka mga kinahanglanon buhaton. Human ana, naglakaw-lakaw ko sa gawas aron maka ginhawa og preskong hangin ug maka relax. Ang paglakaw nakatabang sa pagpakalma sa akong hunahuna ug sa pag hatag og bag-ong kusog. Sa pag-- pag kagabi, nangaon ko og panihapon uban sa akong pamilya. Human sa among panihapon, nitabang ko sa pagpag-- sa pag panglimpyo sa lamisa ug sa paghugas sa mga plato. Pagkahuman sa tanan, nag tan-aw kog salida ug nagbasa og gamay aron makapahuway. Sa dili pa ko matulog, giandam nako ang akong mga kinahanglanon para sa sunod nga adlaw ug gihunahuna ang mga butang nga akong nahimo karon. Nalipay ko tungod kay nahuman nako ang akong mga buluhaton ug naka-- nakagahin usab ko og panahon alang sa akong pamilya ug sa akong kaugalingon. Sa katapusan, nagpasalamat ko sa maayong adlaw nga akong nasinati ug nangandam sa pagpahuway aron adunay bag-ong kusog alang sa umaabot nga adlaw.","Karong adlawa, sayo ko ning mata aron makapadpangandam sa akong mga buluhaton. Pagkahuman nako og bangon, nanghugas ko sa akong nawong, naglimpyo sa akong higdaanan, ug nangandam sa akong kaugalingon. Human ani, nangaon ko og pamahaw aron adunay kusog sa tibuok adlaw. Pagkahuman sa pamahaw, gisugdan nako ang akong buluhaton. Nagbasa ko og pipila ka impormasyon ug naghimo sa akong mga responsibilidad. Sa matag buluhaton nga akong nahuman, gibati nako ang kalipay tungod kay nahimo nako kini sa husto ug sa tukmang oras. Kung adunay lisod nga buluhaton, gihatagan nako kini og panahon ug pasensya aron masabtan ug mahuman. Pag-abot sa paniudto, nagpahaway ko ka Diyos ug nangaon uban sa akong pamilya. Nalipay ko nga nakigistorya og nakakatawa, nakakatawa ko uban sa kanil-- uban kanila samtang nagkaon. Human sa paniudto, mipahaway ko sa makadiyos aron makabawi og kusog. Sa hapon, mibalik ko sa akong mga buluhaton. Gipadayon nako ang akong trabaho ug nahuman og pipila pa ka mga kinahanglanon buhaton. Human ani, naglakaw-lakaw ko sa gawas aron makaginhawa og preskong hangin ug makarelax. Ang paglakaw nakatabang sa pagpakalma sa akong hunahuna ug sa paghatag og bag-ong kusog. Sa pag-- pagkagabi, nangaon ko og panihapon uban sa akong pamilya. Human sa among panihapon, nitabang ko sa pagpag-- sa pagpanglimpyo sa lamisa ug sa paghugas sa mga plato. Pagkahuman sa tanan, nagtan-aw ko og telebisyon ug nagbasa og gamay aron makapahuway. Sa dili pa ko matulog, giandam nako ang akong mga kinahanglanon para sa sunod nga adlaw ug gihunahuna ang mga butang nga akong nahimo karon. Nalipay ko tungod kay nahuman nako ang akong mga buluhaton ug naka-- nakagahin usab ko og panahon alang sa akong pamilya ug sa akong kaugalingon. Sa katapusan, nagpasalamat ko sa maayong adlaw nga akong nasinati ug nangandam sa pagpahaway aron adunay bag-ong kusog alang sa moabot nga adlaw.",0.09415584415584416,21,7,1,280,0.022257551669316374,14,20,8,1853
CEB_004,Cebuano,male,Philippines,English,Philippines - Visayan English,Linux,Desktop,262,18-24,True,native,010_002,87,"Kung moadto ko sa merkado, kasagaran akong paliton ang mga pagkaon ug mga kinahanglanon sa adlaw-adlaw. Una, mopalit ko og mga priskong utanon sama sa kamatis, sibuyas, ahos, talong, okra, repolyo, ug pechay. Importante kini kay makatabang sa pag-andam og himsog nga mga pagkaon alang sa pamilya. Mopalit usab ko og mga prutas sama sa saging, mangga, pakwan, pinya, ug mansanas. Ganahan ko nga adunay prutas sa balay tungod kay kini maayo alang sa panglawas ug mahimong merienda sa, sa bisan unsang oras sa adlaw. Dili usab mawala sa akong lista ang karne ug isda. Kasagaran akong paliton ang manok, baboy, isda, ug unsay-- ug usahay hipon kon prisko ug barato ang baligya. Kini akong gamiton sa pagluto sa paniudto ug panihapon. Gawas sa mga pagkaon, mopalit usab ko og bugas, itlog, mantika, asukal, asin, ug mga panakot sama sa paminta ug toyo. Kini maabatakang kinahanglanon nga kanunay gigamit sa pagluto. Usahay, kon adunay extras nga kwarta, mopalit ko og pan, biskuwit, gatas, kape, o juice aron adunay merienda ang pamilya. Ganahan usab ko nga motan-aw sa lain-laing mga baligya sa merkado aron makakita og mas barato de kalidad nga mga produkto. Sa dili pa mouli, siguro- siguruhon nako nga kompleto ang tanan nga akong gipalit ug sulayan ako nga mopili og prisko ug maayong kalidad nga mga produkto. Sa akong hunahuna, ang pagpalit sa merkado dili lamang, dili lamang bahin sa pagpamalit, apan usa usab kini kapamaagi sa pagsuporta sa mga lokal nga mga, mga ma- nga mag-uuma ug mababaligya-- ong magbabaligya samtang naghatag og himsog nga pagkaon alang sa pamilya.","Kung moadto ko sa merkado, kasagaran akong paliton ang mga pagkaon ug mga kinahanglanon sa adlaw-adlaw. Una, mopalit ko og mga priskong utanon sama sa kamatis, sibuyas, ahos, talong, okra, repolyo, ug petsay. Importante kini kay makatabang sa pag-andam og himskog nga mga pagkaon alang sa pamilya. Mopalit usab ko og mga prutas sama sa saging, mangga, pakwan, pinya, ug mansanas. Ganahan ko nga adunay prutas sa balay tungod kay kini maayo alang sa panglawas ug mahimong merienda sa, sa bisan unsang oras sa adlaw. Dili usab mawala sa akong lista ang karne ug isda. Kasagaran akong paliton ang manok, baboy, isda, ug unsay-- ug usahay hipon kon prisko ug barato ang baligya. Kini akong gamiton sa pagluto sa paniudto ug panihapon. Gawas sa mga pagkaon, mopalit usab ko og bugas, itlog, mantika, asukal, asin, ug mga panakot sama sa paminta ug toyo. Kini maabatakang kinahanglanon nga kanunay gigamit sa pagluto. Usahay, kon adunay extras nga kwarta, mopalit ko og pan, biskuwit, gatas, kape, o juice aron adunay merienda ang pamilya. Ganahan usab ko nga motan-aw sa lain-laing mga baligya sa merkado aron makakita og mas barato de kalidad nga mga produkto. Sa dili pa mouli, siguro, siguruhon ako nga kompleto ang tanan nga akong gipalit ug sulayan nako nga mopili og prisko ug maayong kalidad nga mga produkto. Sa akong hunahuna, ang pagpalit sa merkado dili lamang, dili lamang bahin sa pagpamalit, apan usa usab kini kapamaagi sa pagsuporta sa mga lokal nga mga, mga ma-magauma ug mababaligya-- ong magbabaligya samtang naghatag og himskog nga pagkaon alang sa pamilya.",0.03435114503816794,7,2,0,253,0.008883248730964468,4,7,3,1565
CEB_004,Cebuano,male,Philippines,English,Philippines - Visayan English,Linux,Desktop,299,18-24,True,native,010_003,88,"Oo, kanunay ko nga maglakaw kon adunay higayon. Alang kanako, ang paglakaw usa ka sayon ug epektibong pamaagi sa pag-atiman sa akong panglawas. Dili kinahanglan og mahal nga kagamitan aron makalakaw. Ang importante mao ang paggahin og oras og pagpaningkamot nga mahimong aktibo matag adlaw. Kasagaran ko maglakaw sa buntag o sa hapon kon dili kaayo init ang panahon. Kon adunay libre nga oras, maglakaw ko sa among lugar o sa usa ka parke. Ganahan ko sa paglakaw tungod kay presko ang hangin ug makarelax kini sa akong hunahuna. Samtang naglakaw, malingaw ko sa pagtan-aw sa mga kahoy, bulak, ug sa mga tawo nga nag-ehersisyo usab. Dako ang kaayohan sa paglakaw sa panglawas. Makatabang kini sa pagpalig-on sa lawas, pagpaayo sa sirkulasyon sa dugo, ug pagmintinar maas sa maayong timbang. Makapaminos usab kini sa stress o kakapoy nga mabati human sa usa ka busy nga adlaw sa eskwela o trabaho. Human sa paglakaw, mobati ko nga mas ganahan ang akong lawas ug mas malinawon ang akong hunahuna. Usahay maglakaw ko uban sa akong pamilya o mga higala. Mas malinaw ang paglakaw kon adunay kauban kay makig-istorya mi ug magkatawa samtang naglakaw. Kini usa-- usab ka maayong pamaagi aron mapalig-on ang among panag-- panaghigalaay ug relasyon isip pamilya. Bisan dili ko makalakaw matag adlaw tungod sa ka-busypaningkamutan gihapon nako nga makagawas ug makalihok bisan pipila lamang ka minuto. Nagtuo ko nga ang regular nga paglakaw usa ka maayong batasan nga makatabang sa pagpadayon sa maayong panglawas ug sa paglikay sa lain-laing sakit. Sa akong panan-aw, ang paglakaw dili lamang usa ka klase sa ehersisyo, apan usa usab ka paagi sa pagpahayahay sa hunahuna ug paghatag og panahon sa kaugalingon. Mao nga kon adunay higayon, kanunay kong pilion ang paglakaw aron magpabiling himsog, malipayon, ug andam sa pag-atubang sa matag adlaw.","Oo, kanunay ko nga maglakaw kung adunay higayon. Alang kanako, ang paglakaw usa ka sayon ug epektibong pamaagi sa pag-atiman sa akong panglawas. Dili kinahanglan og mahal nga kagamitan aron makalakaw. Ang importante mao ang paggahin og oras og pagpaningkamot nga mahimong aktibo matag adlaw. Kasagaran ko maglakaw sa buntag o sa hapon kon dili kaayo init ang panahon. Kung adunay libre nga oras, maglakaw ko sa among lugar o sa usa ka parke. Ganan ko sa paglakaw tungod kay presko ang hangin ug makarelax kini sa akong hunahuna. Samtang naglakaw, malingaw ko sa pagtan-aw sa mga kahoy, bulak, ug sa mga tawo nga nag-ehersisyo usab. Dako ang kaayohan sa paglakaw sa panglawas. Makatabang kini sa pagpalig-on sa lawas, pagpaayo sa sirkulasyon sa dugo, ug pagmintinar maas sa maayong timbang. Makapaminos usab kini sa stress o kakapoy nga mabati human sa usa ka busy nga adlaw sa eskwela o trabaho. Human sa paglakaw, mobati ko nga mas ganahan ang akong lawas ug mas malinawon ang akong hunahuna. Usahay maglakaw ko uban sa akong pamilya o mga higala. Mas malingaw ang paglakaw kung adunay kauban kay makiglistorya mi ug magkatawa samtang naglakaw. Kini usab kamaayong pamaagi aron mapalig-on ang among panaghigalaay ug relasyon isip pamilya. Bisan dili ko makalakaw matag adlaw tungod sa kabusi, paningkamutan gihapon nako nga makagawas ug makalihok bisan pipila lamang ka minuto. Nagtuo ko nga ang regular nga paglakaw usa ka maayong batasan nga makatabang sa pagpadayon sa maayong panglawas ug sa paglikay sa lain-laing sakit. Sa akong panan-aw, ang paglakaw dili lamang usa ka klase sa ehersisyo, apan usa usab ka paagi sa pagpahayahay sa hunahuna ug paghatag og panahon sa kaugalingon. Mao nga kon adunay higayon, kanunay kong pilion ang paglakaw aron magpabiling himsog, malipayon, ug andam sa pag-atubang sa matag adlaw.",0.04013377926421405,8,3,1,288,0.01579520697167756,5,18,6,1813
CEB_004,Cebuano,male,Philippines,English,Philippines - Visayan English,Linux,Desktop,292,18-24,True,native,010_004,89,"Sa matag bulan, panikamutan nako nga maayong magdumala ang akong kita og gasto aron adunay igo nga kwarta alang sa akong mga panging-- panginahanglan og makatigom usab para sa umaabot. Naghimo ko og plano o budget aron maibalan nako kon pila ang akong magasto og sa akong allowance, kon pila ang akong matigom. Sa dihang makadawat nako sa akong kita o allowance, akong unahon ang mga kinahanglanun nga palitunon. Usa nadara ang maupalit og pagkaon para sa ako, ang kaugalingon. Bisan gamay lang ang akong matigom matag bulan, nagtuo ko nga makatabang kini sa umaabot. Labi na kung adunay kalit nga panginahanglan o emerhensya. Ang pagtipid og kwarta nagtudlo usab kanako sa disiplina ur-- og responsibilidad. Likayan usab nako ang sobra sa ng-- pagpamalit. Sa dili pa ko mo palit og usa ka butang, hunahunaon nako kon kinahanglan ba gyud kini o gusto lang nako. Dili kini importante usahay akong ipagpaliban ang pagpalit aron dili masayang ang akong kwarta. Ginasulat usab nako ang akong mga gasto aron mahibal-an nako kon asa padulong ang akong kwarta. Pinaagi niini, makita nako kon unsang mga gastuha ug ang mahimo pang maminusan og unsay ang angay usbon sa sunod nga bulan. Makatabang kini aron dili ko molapas sa akong budget. Kon adunay ekstra nga kwarta, dili dayon nako kini gastuhon. Mas gas-- mas gusto nako nga itigom ang bahin niini ug gamiton sa mga butang nga adunay dugay nga kaayohan sama sa mga gamit sa eskwela, libro o uban pang importante nga panginahanglan. Nagtuo ko nga ang maayong pagdumala sa kita ug gasto usa ka importante nga kahanas sa kinabuhi. Pinaagi sa maa-- maampingong pagplano, pagtipig og responsableng paggasto, mas malikayan ang problema sa kwarta ug mas sayon ang pag-abot sa akong mga tumong sa umaabot.","Sa matag bulan, panikamutan nako nga maayong magdumala ang akong kita og gasto aron adunay igo nga kwarta alang sa akong mga paning-- panginahanglan og makatigom usab para sa umaabot. Naghimo ko og plano o budget aron maay balan nako kon pila ang akong magasto og sa akong allowance, kon pila ang akong matigom. Sa dihang makadawat nako sa akong kita o allowance, akong hunahunaan ang mga kinahanglangan nga palitunon, usaanadara ang maupalit og pagkaon para sa ako ang kaugalingon. Bisan gamay lang ang akong matigom matag bulan, nagtuo ko nga makatabang kini sa umaabot. Labi na kung adunay kalit nga panginahanglan o emerhensya. Ang pagtipid og kwarta nagtudlo usab kanako sa disiplina ur-- og responsibilidad. Likayan usab nako ang sobra sa ng-- nga pagpamalit. Sa dili pa ko mo palit og usa ka butang, hunahunaon nako kon kinahanglan ba gyud kini o gusto lang nako. Dili kini importante, usahay akong ipagpaliban ang pagpalit aron dili masayang ang akong kwarta. Ginasulat usab nako ang akong mga gasto aron maay balan nako kon asa padulong ang akong kwarta. Pinaagi niini, makita nako kon unsang mga gastuha og ang mahimo pang maminusan og unsay ang angay usbon sa sunod nga bulan. Makatabang kini aron dili ko molapas sa akong budget. Kon adunay ekstra nga kwarta, dili danay nako kini gastuhon. Mas gas-- mas gusto nako nga itigom ang bahin niini o gamiton sa mga butang nga adunay dugay nga kaayohan sama sa mga gamit sa eskwela, libro o uban pang importante nga panginahanglan. Nagtuo ko nga ang maayong pagdumala sa kita og gasto usa ka importante nga kahanas sa kinabuhi. Pinaagi sa maa-- maampingong pagplano, pagtipig og responsableng paggasto, mas malikayan ang problema sa kwarta og mas sayon ang pag-abot sa akong mga tumong sa umaabot.",0.06164383561643835,14,1,3,277,0.01834862385321101,15,4,13,1725
